Task Name,Task ID,Task Type,Date,Value
Express gratitude when someone does something for you,0200892a-4096-4558-825c-d6657ddbee40,habit,2021-01-02 12:00:13,1
Express gratitude when someone does something for you,0200892a-4096-4558-825c-d6657ddbee40,habit,2021-01-03 16:23:30,1.48726896031426
Express gratitude when someone does something for you,0200892a-4096-4558-825c-d6657ddbee40,habit,2021-01-07 14:07:43,1.5755580276706471
Express gratitude when someone does something for you,0200892a-4096-4558-825c-d6657ddbee40,habit,2021-01-11 16:24:31,1.0959521492675293
Express gratitude when someone does something for you,0200892a-4096-4558-825c-d6657ddbee40,habit,2021-01-13 11:12:20,1.2669915341071918
Express gratitude when someone does something for you,0200892a-4096-4558-825c-d6657ddbee40,habit,2021-01-15 18:18:33,1.3086638981308711
Express gratitude when someone does something for you,0200892a-4096-4558-825c-d6657ddbee40,habit,2021-01-21 00:24:10,1
Express gratitude when someone does something for you,0200892a-4096-4558-825c-d6657ddbee40,habit,2021-01-21 14:33:13,1.48726896031426
Express gratitude when someone does something for you,0200892a-4096-4558-825c-d6657ddbee40,habit,2021-01-26 22:23:32,1
Express gratitude when someone does something for you,0200892a-4096-4558-825c-d6657ddbee40,habit,2021-01-27 23:26:47,1.48726896031426
Express gratitude when someone does something for you,0200892a-4096-4558-825c-d6657ddbee40,habit,2021-01-29 01:09:52,2.328026244750778
Weekly: Tell someone how they've made a positive difference for you,45174109-02aa-4a7d-b90f-2af19c1f9eed,daily,2021-01-02 11:13:42,0
Weekly: Tell someone how they've made a positive difference for you,45174109-02aa-4a7d-b90f-2af19c1f9eed,daily,2021-01-03 01:00:52,0
Weekly: Tell someone how they've made a positive difference for you,45174109-02aa-4a7d-b90f-2af19c1f9eed,daily,2021-01-04 12:11:59,0
Weekly: Tell someone how they've made a positive difference for you,45174109-02aa-4a7d-b90f-2af19c1f9eed,daily,2021-01-05 12:44:53,1
Weekly: Tell someone how they've made a positive difference for you,45174109-02aa-4a7d-b90f-2af19c1f9eed,daily,2021-01-06 02:25:30,1
Weekly: Tell someone how they've made a positive difference for you,45174109-02aa-4a7d-b90f-2af19c1f9eed,daily,2021-01-07 14:07:34,1
Weekly: Tell someone how they've made a positive difference for you,45174109-02aa-4a7d-b90f-2af19c1f9eed,daily,2021-01-08 10:48:43,1
Weekly: Tell someone how they've made a positive difference for you,45174109-02aa-4a7d-b90f-2af19c1f9eed,daily,2021-01-09 11:28:54,1
Weekly: Tell someone how they've made a positive difference for you,45174109-02aa-4a7d-b90f-2af19c1f9eed,daily,2021-01-10 17:52:12,1
Weekly: Tell someone how they've made a positive difference for you,45174109-02aa-4a7d-b90f-2af19c1f9eed,daily,2021-01-11 09:39:22,1
Weekly: Tell someone how they've made a positive difference for you,45174109-02aa-4a7d-b90f-2af19c1f9eed,daily,2021-01-11 23:56:21,1.9747
Weekly: Tell someone how they've made a positive difference for you,45174109-02aa-4a7d-b90f-2af19c1f9eed,daily,2021-01-13 11:01:19,1.9747
Weekly: Tell someone how they've made a positive difference for you,45174109-02aa-4a7d-b90f-2af19c1f9eed,daily,2021-01-14 09:38:30,1.9747
Weekly: Tell someone how they've made a positive difference for you,45174109-02aa-4a7d-b90f-2af19c1f9eed,daily,2021-01-15 01:33:12,1.9747
Weekly: Tell someone how they've made a positive difference for you,45174109-02aa-4a7d-b90f-2af19c1f9eed,daily,2021-01-16 11:23:54,1.9747
Weekly: Tell someone how they've made a positive difference for you,45174109-02aa-4a7d-b90f-2af19c1f9eed,daily,2021-01-17 11:43:07,1.9747
Weekly: Tell someone how they've made a positive difference for you,45174109-02aa-4a7d-b90f-2af19c1f9eed,daily,2021-01-18 06:53:35,1.9747
Weekly: Tell someone how they've made a positive difference for you,45174109-02aa-4a7d-b90f-2af19c1f9eed,daily,2021-01-18 23:24:37,2.9253562257358428
Weekly: Tell someone how they've made a positive difference for you,45174109-02aa-4a7d-b90f-2af19c1f9eed,daily,2021-01-20 14:56:50,2.9253562257358428
Weekly: Tell someone how they've made a positive difference for you,45174109-02aa-4a7d-b90f-2af19c1f9eed,daily,2021-01-21 10:06:10,2.9253562257358428
Weekly: Tell someone how they've made a positive difference for you,45174109-02aa-4a7d-b90f-2af19c1f9eed,daily,2021-01-22 10:21:17,2.9253562257358428
Weekly: Tell someone how they've made a positive difference for you,45174109-02aa-4a7d-b90f-2af19c1f9eed,daily,2021-01-23 22:45:36,2.9253562257358428
Weekly: Tell someone how they've made a positive difference for you,45174109-02aa-4a7d-b90f-2af19c1f9eed,daily,2021-01-24 10:23:33,2.9253562257358428
Weekly: Tell someone how they've made a positive difference for you,45174109-02aa-4a7d-b90f-2af19c1f9eed,daily,2021-01-25 18:00:09,2.9253562257358428
Weekly: Tell someone how they've made a positive difference for you,45174109-02aa-4a7d-b90f-2af19c1f9eed,daily,2021-01-25 21:36:08,3.853133245658556
Weekly: Tell someone how they've made a positive difference for you,45174109-02aa-4a7d-b90f-2af19c1f9eed,daily,2021-01-27 10:57:01,3.853133245658556
Weekly: Tell someone how they've made a positive difference for you,45174109-02aa-4a7d-b90f-2af19c1f9eed,daily,2021-01-28 18:59:07,3.853133245658556
Weekly: Tell someone how they've made a positive difference for you,45174109-02aa-4a7d-b90f-2af19c1f9eed,daily,2021-01-29 01:05:25,3.853133245658556
Kochen / Fertigessen,66c8f1f8-9b7e-45a5-af5f-ea97568d31af,habit,2021-01-01 21:21:34,1
Kochen / Fertigessen,66c8f1f8-9b7e-45a5-af5f-ea97568d31af,habit,2021-01-05 16:20:52,2.9253562257358428
Kochen / Fertigessen,66c8f1f8-9b7e-45a5-af5f-ea97568d31af,habit,2021-01-06 23:54:47,3.853133245658556
Kochen / Fertigessen,66c8f1f8-9b7e-45a5-af5f-ea97568d31af,habit,2021-01-08 10:50:10,2.925356518578296
Kochen / Fertigessen,66c8f1f8-9b7e-45a5-af5f-ea97568d31af,habit,2021-01-09 19:16:48,4.759112980128888
Kochen / Fertigessen,66c8f1f8-9b7e-45a5-af5f-ea97568d31af,habit,2021-01-10 17:52:46,5.644301290621076
Kochen / Fertigessen,66c8f1f8-9b7e-45a5-af5f-ea97568d31af,habit,2021-01-10 23:10:45,6.509636508838284
Kochen / Fertigessen,66c8f1f8-9b7e-45a5-af5f-ea97568d31af,habit,2021-01-11 22:14:02,7.355994373901615
Kochen / Fertigessen,66c8f1f8-9b7e-45a5-af5f-ea97568d31af,habit,2021-01-13 11:13:19,6.509645048316059
Kochen / Fertigessen,66c8f1f8-9b7e-45a5-af5f-ea97568d31af,habit,2021-01-15 20:17:11,8.18420190786301
Kochen / Fertigessen,66c8f1f8-9b7e-45a5-af5f-ea97568d31af,habit,2021-01-17 11:44:56,8.995009374171383
Kochen / Fertigessen,66c8f1f8-9b7e-45a5-af5f-ea97568d31af,habit,2021-01-18 06:54:01,9.789144188159492
Kochen / Fertigessen,66c8f1f8-9b7e-45a5-af5f-ea97568d31af,habit,2021-01-18 23:26:55,10.5672815749114
Kochen / Fertigessen,66c8f1f8-9b7e-45a5-af5f-ea97568d31af,habit,2021-01-19 20:55:02,11.330056424165093
Kochen / Fertigessen,66c8f1f8-9b7e-45a5-af5f-ea97568d31af,habit,2021-01-21 00:22:27,10.567287214969829
Kochen / Fertigessen,66c8f1f8-9b7e-45a5-af5f-ea97568d31af,habit,2021-01-21 22:31:34,11.330061953979998
Kochen / Fertigessen,66c8f1f8-9b7e-45a5-af5f-ea97568d31af,habit,2021-01-22 10:24:57,11.330067483791728
Kochen / Fertigessen,66c8f1f8-9b7e-45a5-af5f-ea97568d31af,habit,2021-01-23 22:54:24,12.078077295333912
Kochen / Fertigessen,66c8f1f8-9b7e-45a5-af5f-ea97568d31af,habit,2021-01-24 23:01:04,12.811885676802952
Kochen / Fertigessen,66c8f1f8-9b7e-45a5-af5f-ea97568d31af,habit,2021-01-25 18:01:00,13.532024275896871
Kochen / Fertigessen,66c8f1f8-9b7e-45a5-af5f-ea97568d31af,habit,2021-01-26 22:22:13,14.238995346297516
Kochen / Fertigessen,66c8f1f8-9b7e-45a5-af5f-ea97568d31af,habit,2021-01-27 23:26:53,14.933273880015667
Kochen / Fertigessen,66c8f1f8-9b7e-45a5-af5f-ea97568d31af,habit,2021-01-29 01:10:07,14.238999220902956
Vegan,ef4aecd3-f1b0-4f2e-8582-f1449c4ce8b7,habit,2021-01-09 11:34:11,1
Vegan,ef4aecd3-f1b0-4f2e-8582-f1449c4ce8b7,habit,2021-01-15 20:17:09,1
Vegan,ef4aecd3-f1b0-4f2e-8582-f1449c4ce8b7,habit,2021-01-18 06:54:03,1.1218019312959666
Vegan,ef4aecd3-f1b0-4f2e-8582-f1449c4ce8b7,habit,2021-01-18 23:26:58,2.0934644004044816
Vegan,ef4aecd3-f1b0-4f2e-8582-f1449c4ce8b7,habit,2021-01-21 22:31:37,1.254999712097972
Vegan,ef4aecd3-f1b0-4f2e-8582-f1449c4ce8b7,habit,2021-01-24 23:01:16,1.1528630265595299
Vegan,ef4aecd3-f1b0-4f2e-8582-f1449c4ce8b7,habit,2021-01-25 18:01:02,1.561768701617094
Vegan,ef4aecd3-f1b0-4f2e-8582-f1449c4ce8b7,habit,2021-01-27 23:26:56,1.3804867672830448
Genug trinken,8b998782-befe-4b58-9dfc-46aa1c631a7e,habit,2021-01-03 00:21:20,-1.026657310999762
Genug trinken,8b998782-befe-4b58-9dfc-46aa1c631a7e,habit,2021-01-05 23:31:49,4.7248694068358077e-7
Genug trinken,8b998782-befe-4b58-9dfc-46aa1c631a7e,habit,2021-01-06 23:54:45,-1.0266568257464832
Genug trinken,8b998782-befe-4b58-9dfc-46aa1c631a7e,habit,2021-01-07 14:13:00,-2.081442497642733
Genug trinken,8b998782-befe-4b58-9dfc-46aa1c631a7e,habit,2021-01-08 10:50:00,-3.165952969204334
Genug trinken,8b998782-befe-4b58-9dfc-46aa1c631a7e,habit,2021-01-09 11:34:01,-4.281925265627512
Genug trinken,8b998782-befe-4b58-9dfc-46aa1c631a7e,habit,2021-01-10 17:52:42,-5.431254090112465
Genug trinken,8b998782-befe-4b58-9dfc-46aa1c631a7e,habit,2021-01-10 23:10:41,-4.281924438901392
Genug trinken,8b998782-befe-4b58-9dfc-46aa1c631a7e,habit,2021-01-11 22:14:00,-2.0814404022051685
Genug trinken,8b998782-befe-4b58-9dfc-46aa1c631a7e,habit,2021-01-13 20:18:03,-4.2819230468393314
Genug trinken,8b998782-befe-4b58-9dfc-46aa1c631a7e,habit,2021-01-15 01:33:21,-5.431251803993283
Genug trinken,8b998782-befe-4b58-9dfc-46aa1c631a7e,habit,2021-01-18 16:38:46,-4.281922220113452
Genug trinken,8b998782-befe-4b58-9dfc-46aa1c631a7e,habit,2021-01-21 00:22:31,-3.1659492963122755
Genug trinken,8b998782-befe-4b58-9dfc-46aa1c631a7e,habit,2021-01-24 23:00:57,-4.281921484608413
Genug trinken,8b998782-befe-4b58-9dfc-46aa1c631a7e,habit,2021-01-26 22:22:15,-5.43125019435515
Genug trinken,8b998782-befe-4b58-9dfc-46aa1c631a7e,habit,2021-01-29 01:10:02,-4.281920657882702
Traumtagebuch,2d2e7454-eac8-4f1b-ad61-6fc75293ad91,habit,2021-01-04 22:12:44,1
Traumtagebuch,2d2e7454-eac8-4f1b-ad61-6fc75293ad91,habit,2021-01-19 23:16:06,1
Zeitplan befolgt,f2b7789e-be1c-446e-a7da-c6352c62494c,habit,2021-01-03 16:24:41,-1.026657310999762
Zeitplan befolgt,f2b7789e-be1c-446e-a7da-c6352c62494c,habit,2021-01-05 16:21:12,-1.0266568257464832
Zeitplan befolgt,f2b7789e-be1c-446e-a7da-c6352c62494c,habit,2021-01-05 23:34:06,-2.081442497642733
Zeitplan befolgt,f2b7789e-be1c-446e-a7da-c6352c62494c,habit,2021-01-06 23:55:05,-3.165952969204334
Zeitplan befolgt,f2b7789e-be1c-446e-a7da-c6352c62494c,habit,2021-01-11 22:14:15,-2.0814418775862142
Zeitplan befolgt,f2b7789e-be1c-446e-a7da-c6352c62494c,habit,2021-01-13 20:18:29,-2.0814413223244133
Zeitplan befolgt,f2b7789e-be1c-446e-a7da-c6352c62494c,habit,2021-01-18 23:27:48,-1.0266551419429522
Zeitplan befolgt,f2b7789e-be1c-446e-a7da-c6352c62494c,habit,2021-01-19 23:17:09,-2.0814407670626514
Zeitplan befolgt,f2b7789e-be1c-446e-a7da-c6352c62494c,habit,2021-01-21 00:22:22,-3.1659511891546948
Zeitplan befolgt,f2b7789e-be1c-446e-a7da-c6352c62494c,habit,2021-01-21 22:31:20,-4.281923433174617
Zeitplan befolgt,f2b7789e-be1c-446e-a7da-c6352c62494c,habit,2021-01-26 22:21:57,-4.2819226064486955
Zeitplan befolgt,f2b7789e-be1c-446e-a7da-c6352c62494c,habit,2021-01-27 23:27:23,-5.431251350238622
To-Do: gleich gemacht / aufgeschoben,bf83f421-4849-457b-9d7c-2e0a3c3efa7e,habit,2021-01-01 21:42:55,1
To-Do: gleich gemacht / aufgeschoben,bf83f421-4849-457b-9d7c-2e0a3c3efa7e,habit,2021-01-02 17:26:18,4.255940168063077e-7
To-Do: gleich gemacht / aufgeschoben,bf83f421-4849-457b-9d7c-2e0a3c3efa7e,habit,2021-01-03 00:35:20,1.000000414687937
To-Do: gleich gemacht / aufgeschoben,bf83f421-4849-457b-9d7c-2e0a3c3efa7e,habit,2021-01-04 22:13:11,1.0000007892275644
To-Do: gleich gemacht / aufgeschoben,bf83f421-4849-457b-9d7c-2e0a3c3efa7e,habit,2021-01-05 23:32:35,1.974700769514853
To-Do: gleich gemacht / aufgeschoben,bf83f421-4849-457b-9d7c-2e0a3c3efa7e,habit,2021-01-05 23:33:26,2.925356976504478
To-Do: gleich gemacht / aufgeschoben,bf83f421-4849-457b-9d7c-2e0a3c3efa7e,habit,2021-01-05 23:33:41,1.9747011001891026
To-Do: gleich gemacht / aufgeschoben,bf83f421-4849-457b-9d7c-2e0a3c3efa7e,habit,2021-01-06 23:55:01,1.0000015029123104
To-Do: gleich gemacht / aufgeschoben,bf83f421-4849-457b-9d7c-2e0a3c3efa7e,habit,2021-01-09 19:17:03,1.9747014653737378
To-Do: gleich gemacht / aufgeschoben,bf83f421-4849-457b-9d7c-2e0a3c3efa7e,habit,2021-01-11 16:24:02,3.8531346413439547
To-Do: gleich gemacht / aufgeschoben,bf83f421-4849-457b-9d7c-2e0a3c3efa7e,habit,2021-01-13 11:14:03,2.9253582146845676
To-Do: gleich gemacht / aufgeschoben,bf83f421-4849-457b-9d7c-2e0a3c3efa7e,habit,2021-01-14 09:38:56,1.9747027344702857
To-Do: gleich gemacht / aufgeschoben,bf83f421-4849-457b-9d7c-2e0a3c3efa7e,habit,2021-01-17 11:46:00,-1.0266535230846439
To-Do: gleich gemacht / aufgeschoben,bf83f421-4849-457b-9d7c-2e0a3c3efa7e,habit,2021-01-18 23:27:42,0.000004160747062886827
To-Do: gleich gemacht / aufgeschoben,bf83f421-4849-457b-9d7c-2e0a3c3efa7e,habit,2021-01-18 23:27:42,1.0000040541256465
To-Do: gleich gemacht / aufgeschoben,bf83f421-4849-457b-9d7c-2e0a3c3efa7e,habit,2021-01-18 23:27:43,0.00000458634085331866
To-Do: gleich gemacht / aufgeschoben,bf83f421-4849-457b-9d7c-2e0a3c3efa7e,habit,2021-01-19 23:16:58,1.0000044688133642
To-Do: gleich gemacht / aufgeschoben,bf83f421-4849-457b-9d7c-2e0a3c3efa7e,habit,2021-01-19 23:17:00,1.9747043571948304
To-Do: gleich gemacht / aufgeschoben,bf83f421-4849-457b-9d7c-2e0a3c3efa7e,habit,2021-01-19 23:17:00,2.9253604767846793
To-Do: gleich gemacht / aufgeschoben,bf83f421-4849-457b-9d7c-2e0a3c3efa7e,habit,2021-01-20 14:59:08,4.759116754519925
To-Do: gleich gemacht / aufgeschoben,bf83f421-4849-457b-9d7c-2e0a3c3efa7e,habit,2021-01-21 00:22:15,5.6443049793959625
To-Do: gleich gemacht / aufgeschoben,bf83f421-4849-457b-9d7c-2e0a3c3efa7e,habit,2021-01-21 22:31:15,6.509648655290365
To-Do: gleich gemacht / aufgeschoben,bf83f421-4849-457b-9d7c-2e0a3c3efa7e,habit,2021-01-25 18:01:47,8.995012756263462
To-Do: gleich gemacht / aufgeschoben,bf83f421-4849-457b-9d7c-2e0a3c3efa7e,habit,2021-01-26 22:21:51,7.356021440710118
To-Do: gleich gemacht / aufgeschoben,bf83f421-4849-457b-9d7c-2e0a3c3efa7e,habit,2021-01-27 23:27:13,6.5096727151496285
To-Do: gleich gemacht / aufgeschoben,bf83f421-4849-457b-9d7c-2e0a3c3efa7e,habit,2021-01-27 23:27:20,7.356029794956948
To-Do: gleich gemacht / aufgeschoben,bf83f421-4849-457b-9d7c-2e0a3c3efa7e,habit,2021-01-27 23:27:21,8.184228400208282
To-Do: gleich gemacht / aufgeschoben,bf83f421-4849-457b-9d7c-2e0a3c3efa7e,habit,2021-01-29 01:07:11,5.644364567113547
Programmieren,895db432-96aa-4e31-abd1-d20132991dc6,habit,2021-01-04 14:26:15,1
Programmieren,895db432-96aa-4e31-abd1-d20132991dc6,habit,2021-01-05 14:12:22,1.48726896031426
Programmieren,895db432-96aa-4e31-abd1-d20132991dc6,habit,2021-01-11 16:22:32,1.9747
Programmieren,895db432-96aa-4e31-abd1-d20132991dc6,habit,2021-01-25 18:01:07,1
Programmieren,895db432-96aa-4e31-abd1-d20132991dc6,habit,2021-01-26 22:22:02,1.48726896031426
Programmieren,895db432-96aa-4e31-abd1-d20132991dc6,habit,2021-01-27 23:27:06,1.7247588578669344
Lesen,e4f34017-1f30-45f1-948e-130e80e45009,habit,2021-01-08 00:37:39,1
Lesen,e4f34017-1f30-45f1-948e-130e80e45009,habit,2021-01-13 11:13:37,1
Kreative Session,7679e31d-d263-4ec0-b413-eefcbdae87ad,habit,2021-01-01 21:42:51,1
Kreative Session,7679e31d-d263-4ec0-b413-eefcbdae87ad,habit,2021-01-06 23:54:55,1
Kreative Session,7679e31d-d263-4ec0-b413-eefcbdae87ad,habit,2021-01-13 18:44:03,1
Kreative Session,7679e31d-d263-4ec0-b413-eefcbdae87ad,habit,2021-01-15 15:51:00,1.243614090235369
Kreative Session,7679e31d-d263-4ec0-b413-eefcbdae87ad,habit,2021-01-20 14:58:53,1
Kreative Session,7679e31d-d263-4ec0-b413-eefcbdae87ad,habit,2021-01-21 00:22:07,1.9747
Kreative Session,7679e31d-d263-4ec0-b413-eefcbdae87ad,habit,2021-01-21 14:33:25,1.9623660130663714
Kreative Session,7679e31d-d263-4ec0-b413-eefcbdae87ad,habit,2021-01-23 22:54:40,1.4780985207317958
Kreative Session,7679e31d-d263-4ec0-b413-eefcbdae87ad,habit,2021-01-24 23:01:23,1.7202889257544771
Kreative Session,7679e31d-d263-4ec0-b413-eefcbdae87ad,habit,2021-01-28 19:00:51,1.1047666408510721
mehr als 2h Netflix,bc7f654a-1372-4a7d-a385-09dc7a86b591,habit,2021-01-02 13:45:30,-1.026657310999762
mehr als 2h Netflix,bc7f654a-1372-4a7d-a385-09dc7a86b591,habit,2021-01-03 16:24:32,-1.5539525155173857
mehr als 2h Netflix,bc7f654a-1372-4a7d-a385-09dc7a86b591,habit,2021-01-13 22:13:16,-2.081442996376489
mehr als 2h Netflix,bc7f654a-1372-4a7d-a385-09dc7a86b591,habit,2021-01-18 23:27:30,-1.0934614332860935
mehr als 2h Netflix,bc7f654a-1372-4a7d-a385-09dc7a86b591,habit,2021-01-24 23:01:20,-1.026657310999762
Jemanden geschrieben / es aufgeschoben,e07a26c7-fbff-44ae-83ad-049959f739b7,habit,2021-01-01 21:43:34,-1.026657310999762
Jemanden geschrieben / es aufgeschoben,e07a26c7-fbff-44ae-83ad-049959f739b7,habit,2021-01-02 18:05:59,4.7248694068358077e-7
Jemanden geschrieben / es aufgeschoben,e07a26c7-fbff-44ae-83ad-049959f739b7,habit,2021-01-03 00:21:25,1.000000460379204
Jemanden geschrieben / es aufgeschoben,e07a26c7-fbff-44ae-83ad-049959f739b7,habit,2021-01-03 00:35:03,8.98080931621692e-7
Jemanden geschrieben / es aufgeschoben,e07a26c7-fbff-44ae-83ad-049959f739b7,habit,2021-01-03 00:35:06,1.000000875067116
Jemanden geschrieben / es aufgeschoben,e07a26c7-fbff-44ae-83ad-049959f739b7,habit,2021-01-03 16:24:24,1.9747008532103714
Jemanden geschrieben / es aufgeschoben,e07a26c7-fbff-44ae-83ad-049959f739b7,habit,2021-01-04 22:13:00,2.925357058161083
Jemanden geschrieben / es aufgeschoben,e07a26c7-fbff-44ae-83ad-049959f739b7,habit,2021-01-06 23:54:52,3.8531340582930573
Jemanden geschrieben / es aufgeschoben,e07a26c7-fbff-44ae-83ad-049959f739b7,habit,2021-01-10 17:58:15,2.925357351003505
Jemanden geschrieben / es aufgeschoben,e07a26c7-fbff-44ae-83ad-049959f739b7,habit,2021-01-10 23:10:55,3.853134344173211
Jemanden geschrieben / es aufgeschoben,e07a26c7-fbff-44ae-83ad-049959f739b7,habit,2021-01-13 18:44:57,6.509637267398769
Jemanden geschrieben / es aufgeschoben,e07a26c7-fbff-44ae-83ad-049959f739b7,habit,2021-01-16 22:15:59,8.184194457254584
Jemanden geschrieben / es aufgeschoben,e07a26c7-fbff-44ae-83ad-049959f739b7,habit,2021-01-17 18:51:02,9.789137040825892
Jemanden geschrieben / es aufgeschoben,e07a26c7-fbff-44ae-83ad-049959f739b7,habit,2021-01-18 23:27:25,8.9950087019721
Jemanden geschrieben / es aufgeschoben,e07a26c7-fbff-44ae-83ad-049959f739b7,habit,2021-01-19 23:16:15,9.789143529639558
Jemanden geschrieben / es aufgeschoben,e07a26c7-fbff-44ae-83ad-049959f739b7,habit,2021-01-19 23:16:17,8.995015325572579
Jemanden geschrieben / es aufgeschoben,e07a26c7-fbff-44ae-83ad-049959f739b7,habit,2021-01-21 00:22:53,9.789150018448852
Jemanden geschrieben / es aufgeschoben,e07a26c7-fbff-44ae-83ad-049959f739b7,habit,2021-01-21 22:31:43,10.567287288943653
Jemanden geschrieben / es aufgeschoben,e07a26c7-fbff-44ae-83ad-049959f739b7,habit,2021-01-22 10:26:18,9.789156125539773
Jemanden geschrieben / es aufgeschoben,e07a26c7-fbff-44ae-83ad-049959f739b7,habit,2021-01-24 22:38:37,10.567293274258006
Jemanden geschrieben / es aufgeschoben,e07a26c7-fbff-44ae-83ad-049959f739b7,habit,2021-01-26 22:22:06,9.789162232626877
Jemanden geschrieben / es aufgeschoben,e07a26c7-fbff-44ae-83ad-049959f739b7,habit,2021-01-27 23:27:01,8.99503441706161
Jemanden geschrieben / es aufgeschoben,e07a26c7-fbff-44ae-83ad-049959f739b7,habit,2021-01-28 19:00:47,8.184234678110851
Leon benefit of the doubt / Provokation,c82fc2a2-8351-4eb4-acd3-83c660f5919a,habit,2021-01-04 22:12:55,-1.026657310999762
Leon benefit of the doubt / Provokation,c82fc2a2-8351-4eb4-acd3-83c660f5919a,habit,2021-01-13 11:01:24,-2.081442996376489
mind. 4h Produktivität (2x Pomodoro),014c4f12-902d-41e4-b516-28d709c756f4,daily,2021-01-02 11:13:42,0
mind. 4h Produktivität (2x Pomodoro),014c4f12-902d-41e4-b516-28d709c756f4,daily,2021-01-03 01:00:52,0
mind. 4h Produktivität (2x Pomodoro),014c4f12-902d-41e4-b516-28d709c756f4,daily,2021-01-04 12:11:59,0
mind. 4h Produktivität (2x Pomodoro),014c4f12-902d-41e4-b516-28d709c756f4,daily,2021-01-04 22:09:15,1
mind. 4h Produktivität (2x Pomodoro),014c4f12-902d-41e4-b516-28d709c756f4,daily,2021-01-05 22:44:19,1.9747
mind. 4h Produktivität (2x Pomodoro),014c4f12-902d-41e4-b516-28d709c756f4,daily,2021-01-07 14:07:34,1.024043774264157
mind. 4h Produktivität (2x Pomodoro),014c4f12-902d-41e4-b516-28d709c756f4,daily,2021-01-08 10:48:43,0.049944135963563174
mind. 4h Produktivität (2x Pomodoro),014c4f12-902d-41e4-b516-28d709c756f4,daily,2021-01-09 11:28:54,-0.9487768368544092
mind. 4h Produktivität (2x Pomodoro),014c4f12-902d-41e4-b516-28d709c756f4,daily,2021-01-10 17:52:12,-0.9487768368544092
mind. 4h Produktivität (2x Pomodoro),014c4f12-902d-41e4-b516-28d709c756f4,daily,2021-01-11 09:39:22,-0.9487768368544092
mind. 4h Produktivität (2x Pomodoro),014c4f12-902d-41e4-b516-28d709c756f4,daily,2021-01-11 14:42:44,0.07583405829643075
mind. 4h Produktivität (2x Pomodoro),014c4f12-902d-41e4-b516-28d709c756f4,daily,2021-01-12 11:20:46,1.0738926559869957
mind. 4h Produktivität (2x Pomodoro),014c4f12-902d-41e4-b516-28d709c756f4,daily,2021-01-14 09:38:30,0.5874645994531289
mind. 4h Produktivität (2x Pomodoro),014c4f12-902d-41e4-b516-28d709c756f4,daily,2021-01-15 01:33:11,1.5725232438934251
mind. 4h Produktivität (2x Pomodoro),014c4f12-902d-41e4-b516-28d709c756f4,daily,2021-01-16 11:23:54,1.0922710695692381
mind. 4h Produktivität (2x Pomodoro),014c4f12-902d-41e4-b516-28d709c756f4,daily,2021-01-17 11:43:07,1.0922710695692381
mind. 4h Produktivität (2x Pomodoro),014c4f12-902d-41e4-b516-28d709c756f4,daily,2021-01-18 06:53:35,1.0922710695692381
mind. 4h Produktivität (2x Pomodoro),014c4f12-902d-41e4-b516-28d709c756f4,daily,2021-01-18 16:37:42,2.0646691171983904
mind. 4h Produktivität (2x Pomodoro),014c4f12-902d-41e4-b516-28d709c756f4,daily,2021-01-19 19:45:43,3.013136122099425
mind. 4h Produktivität (2x Pomodoro),014c4f12-902d-41e4-b516-28d709c756f4,daily,2021-01-21 00:21:42,3.938828538490055
mind. 4h Produktivität (2x Pomodoro),014c4f12-902d-41e4-b516-28d709c756f4,daily,2021-01-21 22:29:28,4.842820655856988
mind. 4h Produktivität (2x Pomodoro),014c4f12-902d-41e4-b516-28d709c756f4,daily,2021-01-23 22:45:36,3.9595290879686766
mind. 4h Produktivität (2x Pomodoro),014c4f12-902d-41e4-b516-28d709c756f4,daily,2021-01-24 10:23:33,3.9595290879686766
mind. 4h Produktivität (2x Pomodoro),014c4f12-902d-41e4-b516-28d709c756f4,daily,2021-01-25 18:00:09,3.9595290879686766
mind. 4h Produktivität (2x Pomodoro),014c4f12-902d-41e4-b516-28d709c756f4,daily,2021-01-25 18:00:35,4.863041798205344
mind. 4h Produktivität (2x Pomodoro),014c4f12-902d-41e4-b516-28d709c756f4,daily,2021-01-26 22:18:33,5.745875782536191
mind. 4h Produktivität (2x Pomodoro),014c4f12-902d-41e4-b516-28d709c756f4,daily,2021-01-27 23:22:40,6.6089615468233305
mind. 4h Produktivität (2x Pomodoro),014c4f12-902d-41e4-b516-28d709c756f4,daily,2021-01-29 01:05:25,6.186858344477152
Emails checken / verarbeiten,5b0c3e78-c0cd-405d-a360-71ebe3479818,daily,2021-01-01 21:41:46,1
Emails checken / verarbeiten,5b0c3e78-c0cd-405d-a360-71ebe3479818,daily,2021-01-02 17:48:13,1.9747
Emails checken / verarbeiten,5b0c3e78-c0cd-405d-a360-71ebe3479818,daily,2021-01-03 16:23:07,2.9253562257358428
Emails checken / verarbeiten,5b0c3e78-c0cd-405d-a360-71ebe3479818,daily,2021-01-04 22:09:09,3.853133245658556
Emails checken / verarbeiten,5b0c3e78-c0cd-405d-a360-71ebe3479818,daily,2021-01-05 16:28:15,4.759112700885761
Emails checken / verarbeiten,5b0c3e78-c0cd-405d-a360-71ebe3479818,daily,2021-01-06 11:20:30,5.6443010177121415
Emails checken / verarbeiten,5b0c3e78-c0cd-405d-a360-71ebe3479818,daily,2021-01-07 14:16:11,6.5096362419810205
Emails checken / verarbeiten,5b0c3e78-c0cd-405d-a360-71ebe3479818,daily,2021-01-09 11:28:54,7.355994112832055
Emails checken / verarbeiten,5b0c3e78-c0cd-405d-a360-71ebe3479818,daily,2021-01-09 19:13:38,8.184193475367
Emails checken / verarbeiten,5b0c3e78-c0cd-405d-a360-71ebe3479818,daily,2021-01-10 23:08:31,8.995001116880612
Emails checken / verarbeiten,5b0c3e78-c0cd-405d-a360-71ebe3479818,daily,2021-01-11 14:42:46,9.789136098905757
Emails checken / verarbeiten,5b0c3e78-c0cd-405d-a360-71ebe3479818,daily,2021-01-12 11:20:40,10.567273646958993
Emails checken / verarbeiten,5b0c3e78-c0cd-405d-a360-71ebe3479818,daily,2021-01-13 20:17:27,11.330048651176607
Emails checken / verarbeiten,5b0c3e78-c0cd-405d-a360-71ebe3479818,daily,2021-01-15 01:33:12,12.07805882370548
Emails checken / verarbeiten,5b0c3e78-c0cd-405d-a360-71ebe3479818,daily,2021-01-15 15:51:26,12.811867552519566
Emails checken / verarbeiten,5b0c3e78-c0cd-405d-a360-71ebe3479818,daily,2021-01-16 22:15:47,13.53200648607811
Emails checken / verarbeiten,5b0c3e78-c0cd-405d-a360-71ebe3479818,daily,2021-01-17 18:52:16,14.23897787876845
Emails checken / verarbeiten,5b0c3e78-c0cd-405d-a360-71ebe3479818,daily,2021-01-18 16:37:36,14.933256723256155
Emails checken / verarbeiten,5b0c3e78-c0cd-405d-a360-71ebe3479818,daily,2021-01-19 19:45:37,15.615292692592663
Emails checken / verarbeiten,5b0c3e78-c0cd-405d-a360-71ebe3479818,daily,2021-01-20 14:58:45,16.28551191211884
Emails checken / verarbeiten,5b0c3e78-c0cd-405d-a360-71ebe3479818,daily,2021-01-21 14:33:38,16.94431857878008
Emails checken / verarbeiten,5b0c3e78-c0cd-405d-a360-71ebe3479818,daily,2021-01-23 00:18:16,17.59209644337522
Emails checken / verarbeiten,5b0c3e78-c0cd-405d-a360-71ebe3479818,daily,2021-01-23 22:48:23,18.229210169447946
Emails checken / verarbeiten,5b0c3e78-c0cd-405d-a360-71ebe3479818,daily,2021-01-24 22:40:00,18.856006580954404
Emails checken / verarbeiten,5b0c3e78-c0cd-405d-a360-71ebe3479818,daily,2021-01-25 18:00:29,19.472815809469076
Emails checken / verarbeiten,5b0c3e78-c0cd-405d-a360-71ebe3479818,daily,2021-01-26 22:18:24,20.07995235049423
Emails checken / verarbeiten,5b0c3e78-c0cd-405d-a360-71ebe3479818,daily,2021-01-27 23:22:37,20.677716037391143
Emails checken / verarbeiten,5b0c3e78-c0cd-405d-a360-71ebe3479818,daily,2021-01-28 18:59:39,21.2663929405333
Emails checken / verarbeiten,5b0c3e78-c0cd-405d-a360-71ebe3479818,daily,2021-01-29 13:18:53,21.84625619847539
Cognitive Algorithms (bis So),1a431269-366c-432e-a97e-3f52e6eff150,daily,2021-01-02 11:13:42,0
Cognitive Algorithms (bis So),1a431269-366c-432e-a97e-3f52e6eff150,daily,2021-01-03 01:00:52,0
Cognitive Algorithms (bis So),1a431269-366c-432e-a97e-3f52e6eff150,daily,2021-01-04 12:11:59,0
Cognitive Algorithms (bis So),1a431269-366c-432e-a97e-3f52e6eff150,daily,2021-01-05 12:44:54,0
Cognitive Algorithms (bis So),1a431269-366c-432e-a97e-3f52e6eff150,daily,2021-01-06 02:25:30,0
Cognitive Algorithms (bis So),1a431269-366c-432e-a97e-3f52e6eff150,daily,2021-01-07 14:07:34,0
Cognitive Algorithms (bis So),1a431269-366c-432e-a97e-3f52e6eff150,daily,2021-01-08 10:48:43,0
Cognitive Algorithms (bis So),1a431269-366c-432e-a97e-3f52e6eff150,daily,2021-01-09 11:28:54,0
Cognitive Algorithms (bis So),1a431269-366c-432e-a97e-3f52e6eff150,daily,2021-01-10 17:52:12,0
Cognitive Algorithms (bis So),1a431269-366c-432e-a97e-3f52e6eff150,daily,2021-01-11 09:39:22,0
Cognitive Algorithms (bis So),1a431269-366c-432e-a97e-3f52e6eff150,daily,2021-01-12 07:39:50,0
Cognitive Algorithms (bis So),1a431269-366c-432e-a97e-3f52e6eff150,daily,2021-01-13 11:01:19,0
Cognitive Algorithms (bis So),1a431269-366c-432e-a97e-3f52e6eff150,daily,2021-01-14 09:38:30,0
Cognitive Algorithms (bis So),1a431269-366c-432e-a97e-3f52e6eff150,daily,2021-01-15 01:33:12,0
Cognitive Algorithms (bis So),1a431269-366c-432e-a97e-3f52e6eff150,daily,2021-01-16 11:23:54,0
Cognitive Algorithms (bis So),1a431269-366c-432e-a97e-3f52e6eff150,daily,2021-01-17 11:43:07,0
Cognitive Algorithms (bis So),1a431269-366c-432e-a97e-3f52e6eff150,daily,2021-01-18 06:53:35,0
Cognitive Algorithms (bis So),1a431269-366c-432e-a97e-3f52e6eff150,daily,2021-01-19 19:45:24,0
Cognitive Algorithms (bis So),1a431269-366c-432e-a97e-3f52e6eff150,daily,2021-01-20 14:56:50,0
Cognitive Algorithms (bis So),1a431269-366c-432e-a97e-3f52e6eff150,daily,2021-01-21 10:06:10,0
Cognitive Algorithms (bis So),1a431269-366c-432e-a97e-3f52e6eff150,daily,2021-01-22 10:21:17,0
Cognitive Algorithms (bis So),1a431269-366c-432e-a97e-3f52e6eff150,daily,2021-01-23 22:45:36,0
Cognitive Algorithms (bis So),1a431269-366c-432e-a97e-3f52e6eff150,daily,2021-01-24 10:23:33,0
Cognitive Algorithms (bis So),1a431269-366c-432e-a97e-3f52e6eff150,daily,2021-01-25 18:00:09,0
Cognitive Algorithms (bis So),1a431269-366c-432e-a97e-3f52e6eff150,daily,2021-01-26 10:05:32,0
Cognitive Algorithms (bis So),1a431269-366c-432e-a97e-3f52e6eff150,daily,2021-01-27 10:57:01,0
Cognitive Algorithms (bis So),1a431269-366c-432e-a97e-3f52e6eff150,daily,2021-01-28 18:59:07,0
Cognitive Algorithms (bis So),1a431269-366c-432e-a97e-3f52e6eff150,daily,2021-01-29 01:05:25,0
Webtech (bis So),a1612ecd-b068-4c9a-b722-ba8a409f257d,daily,2021-01-02 11:13:42,0
Webtech (bis So),a1612ecd-b068-4c9a-b722-ba8a409f257d,daily,2021-01-03 01:00:52,0
Webtech (bis So),a1612ecd-b068-4c9a-b722-ba8a409f257d,daily,2021-01-04 12:11:59,0
Webtech (bis So),a1612ecd-b068-4c9a-b722-ba8a409f257d,daily,2021-01-05 12:44:54,0
Webtech (bis So),a1612ecd-b068-4c9a-b722-ba8a409f257d,daily,2021-01-06 02:25:30,0
Webtech (bis So),a1612ecd-b068-4c9a-b722-ba8a409f257d,daily,2021-01-07 14:07:34,0
Webtech (bis So),a1612ecd-b068-4c9a-b722-ba8a409f257d,daily,2021-01-08 10:48:43,0
Webtech (bis So),a1612ecd-b068-4c9a-b722-ba8a409f257d,daily,2021-01-09 11:28:54,0
Webtech (bis So),a1612ecd-b068-4c9a-b722-ba8a409f257d,daily,2021-01-10 17:52:12,0
Webtech (bis So),a1612ecd-b068-4c9a-b722-ba8a409f257d,daily,2021-01-11 09:39:22,-0.5
Webtech (bis So),a1612ecd-b068-4c9a-b722-ba8a409f257d,daily,2021-01-12 07:39:50,-0.5
Webtech (bis So),a1612ecd-b068-4c9a-b722-ba8a409f257d,daily,2021-01-13 11:01:19,-0.5
Webtech (bis So),a1612ecd-b068-4c9a-b722-ba8a409f257d,daily,2021-01-14 09:38:30,-0.5
Webtech (bis So),a1612ecd-b068-4c9a-b722-ba8a409f257d,daily,2021-01-15 01:33:12,-0.5
Webtech (bis So),a1612ecd-b068-4c9a-b722-ba8a409f257d,daily,2021-01-16 11:23:54,-0.5
Webtech (bis So),a1612ecd-b068-4c9a-b722-ba8a409f257d,daily,2021-01-17 11:43:07,-0.5
Webtech (bis So),a1612ecd-b068-4c9a-b722-ba8a409f257d,daily,2021-01-18 06:53:35,-1.0064476045523034
Webtech (bis So),a1612ecd-b068-4c9a-b722-ba8a409f257d,daily,2021-01-19 19:45:24,-1.0064476045523034
Webtech (bis So),a1612ecd-b068-4c9a-b722-ba8a409f257d,daily,2021-01-20 14:56:50,-1.0064476045523034
Webtech (bis So),a1612ecd-b068-4c9a-b722-ba8a409f257d,daily,2021-01-21 10:06:10,-1.0064476045523034
Webtech (bis So),a1612ecd-b068-4c9a-b722-ba8a409f257d,daily,2021-01-22 10:21:17,-1.0064476045523034
Webtech (bis So),a1612ecd-b068-4c9a-b722-ba8a409f257d,daily,2021-01-23 22:45:36,-1.0064476045523034
Webtech (bis So),a1612ecd-b068-4c9a-b722-ba8a409f257d,daily,2021-01-24 10:23:33,-1.0064476045523034
Webtech (bis So),a1612ecd-b068-4c9a-b722-ba8a409f257d,daily,2021-01-24 22:40:09,0.019678626131752752
Webtech (bis So),a1612ecd-b068-4c9a-b722-ba8a409f257d,daily,2021-01-26 10:05:32,0.019678626131752752
Webtech (bis So),a1612ecd-b068-4c9a-b722-ba8a409f257d,daily,2021-01-27 10:57:01,0.019678626131752752
Webtech (bis So),a1612ecd-b068-4c9a-b722-ba8a409f257d,daily,2021-01-28 18:59:07,0.019678626131752752
Webtech (bis So),a1612ecd-b068-4c9a-b722-ba8a409f257d,daily,2021-01-29 01:05:25,0.019678626131752752
SuS (bis So),5d679684-2ec7-431f-bbbb-11bf7abc72e5,daily,2021-01-02 11:13:42,0
SuS (bis So),5d679684-2ec7-431f-bbbb-11bf7abc72e5,daily,2021-01-03 01:00:52,0
SuS (bis So),5d679684-2ec7-431f-bbbb-11bf7abc72e5,daily,2021-01-04 12:11:59,0
SuS (bis So),5d679684-2ec7-431f-bbbb-11bf7abc72e5,daily,2021-01-05 12:44:54,0
SuS (bis So),5d679684-2ec7-431f-bbbb-11bf7abc72e5,daily,2021-01-06 02:25:30,0
SuS (bis So),5d679684-2ec7-431f-bbbb-11bf7abc72e5,daily,2021-01-07 14:07:34,0
SuS (bis So),5d679684-2ec7-431f-bbbb-11bf7abc72e5,daily,2021-01-08 10:48:43,0
SuS (bis So),5d679684-2ec7-431f-bbbb-11bf7abc72e5,daily,2021-01-09 11:28:54,0
SuS (bis So),5d679684-2ec7-431f-bbbb-11bf7abc72e5,daily,2021-01-10 17:52:12,0
SuS (bis So),5d679684-2ec7-431f-bbbb-11bf7abc72e5,daily,2021-01-11 09:39:22,-0.33333333333333337
SuS (bis So),5d679684-2ec7-431f-bbbb-11bf7abc72e5,daily,2021-01-12 07:39:50,-0.33333333333333337
SuS (bis So),5d679684-2ec7-431f-bbbb-11bf7abc72e5,daily,2021-01-13 11:01:19,-0.33333333333333337
SuS (bis So),5d679684-2ec7-431f-bbbb-11bf7abc72e5,daily,2021-01-14 09:38:30,-0.33333333333333337
SuS (bis So),5d679684-2ec7-431f-bbbb-11bf7abc72e5,daily,2021-01-15 01:33:12,-0.33333333333333337
SuS (bis So),5d679684-2ec7-431f-bbbb-11bf7abc72e5,daily,2021-01-16 11:23:54,-0.33333333333333337
SuS (bis So),5d679684-2ec7-431f-bbbb-11bf7abc72e5,daily,2021-01-17 11:43:07,-0.33333333333333337
SuS (bis So),5d679684-2ec7-431f-bbbb-11bf7abc72e5,daily,2021-01-17 11:44:07,0.6752451015692685
SuS (bis So),5d679684-2ec7-431f-bbbb-11bf7abc72e5,daily,2021-01-19 19:45:24,0.6752451015692685
SuS (bis So),5d679684-2ec7-431f-bbbb-11bf7abc72e5,daily,2021-01-20 14:56:50,0.6752451015692685
SuS (bis So),5d679684-2ec7-431f-bbbb-11bf7abc72e5,daily,2021-01-21 10:06:10,0.6752451015692685
SuS (bis So),5d679684-2ec7-431f-bbbb-11bf7abc72e5,daily,2021-01-22 10:21:17,0.6752451015692685
SuS (bis So),5d679684-2ec7-431f-bbbb-11bf7abc72e5,daily,2021-01-23 22:45:36,0.6752451015692685
SuS (bis So),5d679684-2ec7-431f-bbbb-11bf7abc72e5,daily,2021-01-24 10:23:33,0.6752451015692685
SuS (bis So),5d679684-2ec7-431f-bbbb-11bf7abc72e5,daily,2021-01-24 22:39:13,1.65809042229061
SuS (bis So),5d679684-2ec7-431f-bbbb-11bf7abc72e5,daily,2021-01-26 10:05:32,1.65809042229061
SuS (bis So),5d679684-2ec7-431f-bbbb-11bf7abc72e5,daily,2021-01-27 10:57:01,1.65809042229061
SuS (bis So),5d679684-2ec7-431f-bbbb-11bf7abc72e5,daily,2021-01-28 18:59:07,1.65809042229061
SuS (bis So),5d679684-2ec7-431f-bbbb-11bf7abc72e5,daily,2021-01-29 01:05:25,1.65809042229061
Morgenroutine,b8432ebd-ed2d-479f-beb1-7985ad3d9f04,daily,2021-01-02 11:13:42,-0.6666662338019301
Morgenroutine,b8432ebd-ed2d-479f-beb1-7985ad3d9f04,daily,2021-01-03 01:00:52,-1.3448198658466364
Morgenroutine,b8432ebd-ed2d-479f-beb1-7985ad3d9f04,daily,2021-01-04 12:11:59,-2.3798822977090097
Morgenroutine,b8432ebd-ed2d-479f-beb1-7985ad3d9f04,daily,2021-01-05 12:44:54,-3.0884715027221055
Morgenroutine,b8432ebd-ed2d-479f-beb1-7985ad3d9f04,daily,2021-01-06 02:25:30,-3.8100447865180076
Morgenroutine,b8432ebd-ed2d-479f-beb1-7985ad3d9f04,daily,2021-01-07 14:07:34,-4.912604494953525
Morgenroutine,b8432ebd-ed2d-479f-beb1-7985ad3d9f04,daily,2021-01-08 10:48:43,-5.668708055305709
Morgenroutine,b8432ebd-ed2d-479f-beb1-7985ad3d9f04,daily,2021-01-09 11:28:54,-6.439604397957737
Morgenroutine,b8432ebd-ed2d-479f-beb1-7985ad3d9f04,daily,2021-01-09 11:37:15,-5.260189590861353
Morgenroutine,b8432ebd-ed2d-479f-beb1-7985ad3d9f04,daily,2021-01-10 23:08:33,-4.115887139071117
Morgenroutine,b8432ebd-ed2d-479f-beb1-7985ad3d9f04,daily,2021-01-11 09:39:39,-3.004652302959667
Morgenroutine,b8432ebd-ed2d-479f-beb1-7985ad3d9f04,daily,2021-01-12 07:40:17,-1.924614697145694
Morgenroutine,b8432ebd-ed2d-479f-beb1-7985ad3d9f04,daily,2021-01-14 09:38:30,-2.6249851941669724
Morgenroutine,b8432ebd-ed2d-479f-beb1-7985ad3d9f04,daily,2021-01-15 01:33:12,-3.3380389803555275
Morgenroutine,b8432ebd-ed2d-479f-beb1-7985ad3d9f04,daily,2021-01-16 11:23:54,-4.064241731791356
Morgenroutine,b8432ebd-ed2d-479f-beb1-7985ad3d9f04,daily,2021-01-17 11:43:07,-4.804085167900682
Morgenroutine,b8432ebd-ed2d-479f-beb1-7985ad3d9f04,daily,2021-01-18 06:53:35,-5.558089025523645
Morgenroutine,b8432ebd-ed2d-479f-beb1-7985ad3d9f04,daily,2021-01-18 16:37:32,-4.405017728926914
Morgenroutine,b8432ebd-ed2d-479f-beb1-7985ad3d9f04,daily,2021-01-20 14:56:50,-5.151350192488712
Morgenroutine,b8432ebd-ed2d-479f-beb1-7985ad3d9f04,daily,2021-01-21 10:06:10,-5.912093765593007
Morgenroutine,b8432ebd-ed2d-479f-beb1-7985ad3d9f04,daily,2021-01-21 10:06:27,-4.748514718585337
Morgenroutine,b8432ebd-ed2d-479f-beb1-7985ad3d9f04,daily,2021-01-23 22:45:36,-5.501445621362593
Morgenroutine,b8432ebd-ed2d-479f-beb1-7985ad3d9f04,daily,2021-01-24 10:23:33,-6.269044825817662
Morgenroutine,b8432ebd-ed2d-479f-beb1-7985ad3d9f04,daily,2021-01-25 18:00:09,-7.051892297960959
Morgenroutine,b8432ebd-ed2d-479f-beb1-7985ad3d9f04,daily,2021-01-25 18:00:24,-5.853826283547212
Morgenroutine,b8432ebd-ed2d-479f-beb1-7985ad3d9f04,daily,2021-01-27 10:57:01,-6.24110727071818
Morgenroutine,b8432ebd-ed2d-479f-beb1-7985ad3d9f04,daily,2021-01-27 23:24:01,-5.067676440194917
Morgenroutine,b8432ebd-ed2d-479f-beb1-7985ad3d9f04,daily,2021-01-29 01:05:25,-5.44723351275314
Abendroutine,3ab7cfa0-259a-4d16-94be-af6a640d489a,daily,2021-01-01 23:54:00,1
Abendroutine,3ab7cfa0-259a-4d16-94be-af6a640d489a,daily,2021-01-03 00:21:02,1.9747
Abendroutine,3ab7cfa0-259a-4d16-94be-af6a640d489a,daily,2021-01-04 12:11:59,1.5944375097056627
Abendroutine,3ab7cfa0-259a-4d16-94be-af6a640d489a,daily,2021-01-05 12:44:53,2.554402624091146
Abendroutine,3ab7cfa0-259a-4d16-94be-af6a640d489a,daily,2021-01-06 00:57:32,3.4910410405581827
Abendroutine,3ab7cfa0-259a-4d16-94be-af6a640d489a,daily,2021-01-07 14:07:34,3.1252710449297245
Abendroutine,3ab7cfa0-259a-4d16-94be-af6a640d489a,daily,2021-01-08 10:48:43,2.9406637969423555
Abendroutine,3ab7cfa0-259a-4d16-94be-af6a640d489a,daily,2021-01-09 11:28:54,3.868076953879593
Abendroutine,3ab7cfa0-259a-4d16-94be-af6a640d489a,daily,2021-01-10 17:52:11,4.773709539113317
Abendroutine,3ab7cfa0-259a-4d16-94be-af6a640d489a,daily,2021-01-10 23:07:10,5.658566811420765
Abendroutine,3ab7cfa0-259a-4d16-94be-af6a640d489a,daily,2021-01-11 23:55:41,6.523585753965513
Abendroutine,3ab7cfa0-259a-4d16-94be-af6a640d489a,daily,2021-01-13 11:01:19,6.185163600946755
Abendroutine,3ab7cfa0-259a-4d16-94be-af6a640d489a,daily,2021-01-14 09:38:30,7.038588097050693
Abendroutine,3ab7cfa0-259a-4d16-94be-af6a640d489a,daily,2021-01-15 01:33:11,7.873551257278627
Abendroutine,3ab7cfa0-259a-4d16-94be-af6a640d489a,daily,2021-01-16 11:23:54,7.219721070278435
Abendroutine,3ab7cfa0-259a-4d16-94be-af6a640d489a,daily,2021-01-17 11:43:07,6.554843830723722
Abendroutine,3ab7cfa0-259a-4d16-94be-af6a640d489a,daily,2021-01-18 06:53:35,6.0476170553130055
Abendroutine,3ab7cfa0-259a-4d16-94be-af6a640d489a,daily,2021-01-18 23:24:27,6.9040549289960635
Abendroutine,3ab7cfa0-259a-4d16-94be-af6a640d489a,daily,2021-01-20 00:20:58,7.7419015806611835
Abendroutine,3ab7cfa0-259a-4d16-94be-af6a640d489a,daily,2021-01-21 00:21:38,8.561951168341416
Abendroutine,3ab7cfa0-259a-4d16-94be-af6a640d489a,daily,2021-01-22 10:21:17,8.08015315456337
Abendroutine,3ab7cfa0-259a-4d16-94be-af6a640d489a,daily,2021-01-23 00:18:42,8.89312536656971
Abendroutine,3ab7cfa0-259a-4d16-94be-af6a640d489a,daily,2021-01-24 10:23:33,9.689336243273859
Abendroutine,3ab7cfa0-259a-4d16-94be-af6a640d489a,daily,2021-01-24 23:00:41,10.469466367335711
Abendroutine,3ab7cfa0-259a-4d16-94be-af6a640d489a,daily,2021-01-26 00:34:43,11.234155562033715
Abendroutine,3ab7cfa0-259a-4d16-94be-af6a640d489a,daily,2021-01-26 22:18:14,11.984006089865256
Abendroutine,3ab7cfa0-259a-4d16-94be-af6a640d489a,daily,2021-01-27 23:24:05,12.719585542851034
Abendroutine,3ab7cfa0-259a-4d16-94be-af6a640d489a,daily,2021-01-29 01:05:24,13.441429459579629
Wäsche machen (So),37d73efe-3f6b-4660-bf26-e69d3c5d9ff4,daily,2021-01-02 11:13:42,0
Wäsche machen (So),37d73efe-3f6b-4660-bf26-e69d3c5d9ff4,daily,2021-01-03 01:00:52,0
Wäsche machen (So),37d73efe-3f6b-4660-bf26-e69d3c5d9ff4,daily,2021-01-04 12:11:59,0
Wäsche machen (So),37d73efe-3f6b-4660-bf26-e69d3c5d9ff4,daily,2021-01-05 12:44:54,0
Wäsche machen (So),37d73efe-3f6b-4660-bf26-e69d3c5d9ff4,daily,2021-01-06 02:25:30,0
Wäsche machen (So),37d73efe-3f6b-4660-bf26-e69d3c5d9ff4,daily,2021-01-07 14:07:34,0
Wäsche machen (So),37d73efe-3f6b-4660-bf26-e69d3c5d9ff4,daily,2021-01-08 10:48:43,0
Wäsche machen (So),37d73efe-3f6b-4660-bf26-e69d3c5d9ff4,daily,2021-01-09 11:28:54,0
Wäsche machen (So),37d73efe-3f6b-4660-bf26-e69d3c5d9ff4,daily,2021-01-10 17:52:12,0
Wäsche machen (So),37d73efe-3f6b-4660-bf26-e69d3c5d9ff4,daily,2021-01-11 09:39:22,0
Wäsche machen (So),37d73efe-3f6b-4660-bf26-e69d3c5d9ff4,daily,2021-01-12 07:39:50,0
Wäsche machen (So),37d73efe-3f6b-4660-bf26-e69d3c5d9ff4,daily,2021-01-13 11:01:19,0
Wäsche machen (So),37d73efe-3f6b-4660-bf26-e69d3c5d9ff4,daily,2021-01-14 09:38:30,0
Wäsche machen (So),37d73efe-3f6b-4660-bf26-e69d3c5d9ff4,daily,2021-01-15 01:33:12,0
Wäsche machen (So),37d73efe-3f6b-4660-bf26-e69d3c5d9ff4,daily,2021-01-16 11:23:54,0
Wäsche machen (So),37d73efe-3f6b-4660-bf26-e69d3c5d9ff4,daily,2021-01-17 11:43:07,0
Wäsche machen (So),37d73efe-3f6b-4660-bf26-e69d3c5d9ff4,daily,2021-01-18 06:53:35,0
Wäsche machen (So),37d73efe-3f6b-4660-bf26-e69d3c5d9ff4,daily,2021-01-19 19:45:24,0
Wäsche machen (So),37d73efe-3f6b-4660-bf26-e69d3c5d9ff4,daily,2021-01-20 14:56:50,0
Wäsche machen (So),37d73efe-3f6b-4660-bf26-e69d3c5d9ff4,daily,2021-01-21 10:06:10,0
Wäsche machen (So),37d73efe-3f6b-4660-bf26-e69d3c5d9ff4,daily,2021-01-22 10:21:17,0
Wäsche machen (So),37d73efe-3f6b-4660-bf26-e69d3c5d9ff4,daily,2021-01-23 22:45:36,0
Wäsche machen (So),37d73efe-3f6b-4660-bf26-e69d3c5d9ff4,daily,2021-01-24 10:23:33,0
Wäsche machen (So),37d73efe-3f6b-4660-bf26-e69d3c5d9ff4,daily,2021-01-25 18:00:09,0
Wäsche machen (So),37d73efe-3f6b-4660-bf26-e69d3c5d9ff4,daily,2021-01-26 10:05:32,0
Wäsche machen (So),37d73efe-3f6b-4660-bf26-e69d3c5d9ff4,daily,2021-01-27 10:57:01,0
Wäsche machen (So),37d73efe-3f6b-4660-bf26-e69d3c5d9ff4,daily,2021-01-28 18:59:07,0
Wäsche machen (So),37d73efe-3f6b-4660-bf26-e69d3c5d9ff4,daily,2021-01-29 01:05:25,0
Aufräumen (Sa),9b3d7591-0859-4311-8bc2-1be25968d54f,daily,2021-01-02 11:13:42,0
Aufräumen (Sa),9b3d7591-0859-4311-8bc2-1be25968d54f,daily,2021-01-03 01:00:52,0
Aufräumen (Sa),9b3d7591-0859-4311-8bc2-1be25968d54f,daily,2021-01-04 12:11:59,0
Aufräumen (Sa),9b3d7591-0859-4311-8bc2-1be25968d54f,daily,2021-01-05 12:44:54,0
Aufräumen (Sa),9b3d7591-0859-4311-8bc2-1be25968d54f,daily,2021-01-06 02:25:30,0
Aufräumen (Sa),9b3d7591-0859-4311-8bc2-1be25968d54f,daily,2021-01-07 14:07:34,0
Aufräumen (Sa),9b3d7591-0859-4311-8bc2-1be25968d54f,daily,2021-01-08 10:48:43,0
Aufräumen (Sa),9b3d7591-0859-4311-8bc2-1be25968d54f,daily,2021-01-09 11:28:54,0
Aufräumen (Sa),9b3d7591-0859-4311-8bc2-1be25968d54f,daily,2021-01-10 17:52:11,1
Aufräumen (Sa),9b3d7591-0859-4311-8bc2-1be25968d54f,daily,2021-01-11 09:39:22,1
Aufräumen (Sa),9b3d7591-0859-4311-8bc2-1be25968d54f,daily,2021-01-12 07:39:50,1
Aufräumen (Sa),9b3d7591-0859-4311-8bc2-1be25968d54f,daily,2021-01-13 11:01:19,1
Aufräumen (Sa),9b3d7591-0859-4311-8bc2-1be25968d54f,daily,2021-01-14 09:38:30,1
Aufräumen (Sa),9b3d7591-0859-4311-8bc2-1be25968d54f,daily,2021-01-15 01:33:12,1
Aufräumen (Sa),9b3d7591-0859-4311-8bc2-1be25968d54f,daily,2021-01-16 11:23:54,1
Aufräumen (Sa),9b3d7591-0859-4311-8bc2-1be25968d54f,daily,2021-01-17 11:43:07,1.9747
Aufräumen (Sa),9b3d7591-0859-4311-8bc2-1be25968d54f,daily,2021-01-18 06:53:35,1.9747
Aufräumen (Sa),9b3d7591-0859-4311-8bc2-1be25968d54f,daily,2021-01-19 19:45:24,1.9747
Aufräumen (Sa),9b3d7591-0859-4311-8bc2-1be25968d54f,daily,2021-01-20 14:56:50,1.9747
Aufräumen (Sa),9b3d7591-0859-4311-8bc2-1be25968d54f,daily,2021-01-21 10:06:10,1.9747
Aufräumen (Sa),9b3d7591-0859-4311-8bc2-1be25968d54f,daily,2021-01-22 10:21:17,1.9747
Aufräumen (Sa),9b3d7591-0859-4311-8bc2-1be25968d54f,daily,2021-01-23 22:45:36,1.9747
Aufräumen (Sa),9b3d7591-0859-4311-8bc2-1be25968d54f,daily,2021-01-23 22:48:39,2.9253562257358428
Aufräumen (Sa),9b3d7591-0859-4311-8bc2-1be25968d54f,daily,2021-01-25 18:00:09,2.9253562257358428
Aufräumen (Sa),9b3d7591-0859-4311-8bc2-1be25968d54f,daily,2021-01-26 10:05:32,2.9253562257358428
Aufräumen (Sa),9b3d7591-0859-4311-8bc2-1be25968d54f,daily,2021-01-27 10:57:01,2.9253562257358428
Aufräumen (Sa),9b3d7591-0859-4311-8bc2-1be25968d54f,daily,2021-01-28 18:59:07,2.9253562257358428
Aufräumen (Sa),9b3d7591-0859-4311-8bc2-1be25968d54f,daily,2021-01-29 01:05:25,2.9253562257358428
10m aufräumen + Abwasch,8822b5be-5db3-4ea8-810b-b1f9ef3fdb78,daily,2021-01-02 11:13:42,0
10m aufräumen + Abwasch,8822b5be-5db3-4ea8-810b-b1f9ef3fdb78,daily,2021-01-03 01:00:52,0
10m aufräumen + Abwasch,8822b5be-5db3-4ea8-810b-b1f9ef3fdb78,daily,2021-01-04 12:11:59,0
10m aufräumen + Abwasch,8822b5be-5db3-4ea8-810b-b1f9ef3fdb78,daily,2021-01-05 12:44:54,0
10m aufräumen + Abwasch,8822b5be-5db3-4ea8-810b-b1f9ef3fdb78,daily,2021-01-06 02:25:30,0
10m aufräumen + Abwasch,8822b5be-5db3-4ea8-810b-b1f9ef3fdb78,daily,2021-01-07 14:07:34,0
10m aufräumen + Abwasch,8822b5be-5db3-4ea8-810b-b1f9ef3fdb78,daily,2021-01-08 10:48:43,0
10m aufräumen + Abwasch,8822b5be-5db3-4ea8-810b-b1f9ef3fdb78,daily,2021-01-09 11:28:54,1
10m aufräumen + Abwasch,8822b5be-5db3-4ea8-810b-b1f9ef3fdb78,daily,2021-01-09 19:13:32,1.9747
10m aufräumen + Abwasch,8822b5be-5db3-4ea8-810b-b1f9ef3fdb78,daily,2021-01-10 23:08:57,2.9253562257358428
10m aufräumen + Abwasch,8822b5be-5db3-4ea8-810b-b1f9ef3fdb78,daily,2021-01-11 23:55:43,3.853133245658556
10m aufräumen + Abwasch,8822b5be-5db3-4ea8-810b-b1f9ef3fdb78,daily,2021-01-13 11:01:18,4.759112700885761
10m aufräumen + Abwasch,8822b5be-5db3-4ea8-810b-b1f9ef3fdb78,daily,2021-01-13 20:17:32,5.6443010177121415
10m aufräumen + Abwasch,8822b5be-5db3-4ea8-810b-b1f9ef3fdb78,daily,2021-01-15 01:33:11,6.5096362419810205
10m aufräumen + Abwasch,8822b5be-5db3-4ea8-810b-b1f9ef3fdb78,daily,2021-01-15 20:16:42,7.355994112832055
10m aufräumen + Abwasch,8822b5be-5db3-4ea8-810b-b1f9ef3fdb78,daily,2021-01-16 22:15:50,8.184193475367
10m aufräumen + Abwasch,8822b5be-5db3-4ea8-810b-b1f9ef3fdb78,daily,2021-01-18 06:53:34,8.995001116880612
10m aufräumen + Abwasch,8822b5be-5db3-4ea8-810b-b1f9ef3fdb78,daily,2021-01-18 16:37:40,9.789136098905757
10m aufräumen + Abwasch,8822b5be-5db3-4ea8-810b-b1f9ef3fdb78,daily,2021-01-19 19:45:41,10.567273646958993
10m aufräumen + Abwasch,8822b5be-5db3-4ea8-810b-b1f9ef3fdb78,daily,2021-01-21 00:21:40,11.330048651176607
10m aufräumen + Abwasch,8822b5be-5db3-4ea8-810b-b1f9ef3fdb78,daily,2021-01-21 10:06:50,12.07805882370548
10m aufräumen + Abwasch,8822b5be-5db3-4ea8-810b-b1f9ef3fdb78,daily,2021-01-23 00:18:18,12.811867552519566
10m aufräumen + Abwasch,8822b5be-5db3-4ea8-810b-b1f9ef3fdb78,daily,2021-01-24 10:23:33,12.091728618961021
10m aufräumen + Abwasch,8822b5be-5db3-4ea8-810b-b1f9ef3fdb78,daily,2021-01-24 22:40:02,12.825280342536896
10m aufräumen + Abwasch,8822b5be-5db3-4ea8-810b-b1f9ef3fdb78,daily,2021-01-25 19:56:42,13.545171799610609
10m aufräumen + Abwasch,8822b5be-5db3-4ea8-810b-b1f9ef3fdb78,daily,2021-01-26 22:18:28,14.251904722743495
10m aufräumen + Abwasch,8822b5be-5db3-4ea8-810b-b1f9ef3fdb78,daily,2021-01-27 23:22:39,14.945953620275272
10m aufräumen + Abwasch,8822b5be-5db3-4ea8-810b-b1f9ef3fdb78,daily,2021-01-29 01:05:23,15.627767715116974
Sport / Dehnübungen mind. 10m,062b434a-e5f7-424a-94e1-860734d0ac96,daily,2021-01-02 11:13:42,-1
Sport / Dehnübungen mind. 10m,062b434a-e5f7-424a-94e1-860734d0ac96,daily,2021-01-03 01:00:52,-2.025956704627065
Sport / Dehnübungen mind. 10m,062b434a-e5f7-424a-94e1-860734d0ac96,daily,2021-01-03 16:23:05,-0.9726691785864934
Sport / Dehnübungen mind. 10m,062b434a-e5f7-424a-94e1-860734d0ac96,daily,2021-01-05 12:44:54,-1.997907588285645
Sport / Dehnübungen mind. 10m,062b434a-e5f7-424a-94e1-860734d0ac96,daily,2021-01-05 23:34:24,-0.945376865880639
Sport / Dehnübungen mind. 10m,062b434a-e5f7-424a-94e1-860734d0ac96,daily,2021-01-07 14:07:34,-1.969898494550338
Sport / Dehnübungen mind. 10m,062b434a-e5f7-424a-94e1-860734d0ac96,daily,2021-01-08 10:48:43,-3.021674035796784
Sport / Dehnübungen mind. 10m,062b434a-e5f7-424a-94e1-860734d0ac96,daily,2021-01-09 11:28:54,-4.102182847298278
Sport / Dehnübungen mind. 10m,062b434a-e5f7-424a-94e1-860734d0ac96,daily,2021-01-10 17:52:11,-2.991338186101399
Sport / Dehnübungen mind. 10m,062b434a-e5f7-424a-94e1-860734d0ac96,daily,2021-01-10 23:11:19,-1.9116690063228698
Sport / Dehnübungen mind. 10m,062b434a-e5f7-424a-94e1-860734d0ac96,daily,2021-01-11 16:21:45,-0.8614617147906183
Sport / Dehnübungen mind. 10m,062b434a-e5f7-424a-94e1-860734d0ac96,daily,2021-01-13 11:01:18,0.1608591786082758
Sport / Dehnübungen mind. 10m,062b434a-e5f7-424a-94e1-860734d0ac96,daily,2021-01-13 20:17:30,1.1567455582750164
Sport / Dehnübungen mind. 10m,062b434a-e5f7-424a-94e1-860734d0ac96,daily,2021-01-15 01:33:12,2.1275383420735583
Sport / Dehnübungen mind. 10m,062b434a-e5f7-424a-94e1-860734d0ac96,daily,2021-01-16 11:23:54,1.1805981426126924
Sport / Dehnübungen mind. 10m,062b434a-e5f7-424a-94e1-860734d0ac96,daily,2021-01-16 22:15:49,2.1507977246748933
Sport / Dehnübungen mind. 10m,062b434a-e5f7-424a-94e1-860734d0ac96,daily,2021-01-18 06:53:35,1.2044217659934895
Sport / Dehnübungen mind. 10m,062b434a-e5f7-424a-94e1-860734d0ac96,daily,2021-01-18 23:24:29,2.174029228379125
Sport / Dehnübungen mind. 10m,062b434a-e5f7-424a-94e1-860734d0ac96,daily,2021-01-19 19:45:38,3.1198419581875134
Sport / Dehnübungen mind. 10m,062b434a-e5f7-424a-94e1-860734d0ac96,daily,2021-01-21 10:06:10,2.1966772934503775
Sport / Dehnübungen mind. 10m,062b434a-e5f7-424a-94e1-860734d0ac96,daily,2021-01-21 22:29:25,3.1419412620613976
Sport / Dehnübungen mind. 10m,062b434a-e5f7-424a-94e1-860734d0ac96,daily,2021-01-23 22:45:36,2.2192992437153194
Sport / Dehnübungen mind. 10m,062b434a-e5f7-424a-94e1-860734d0ac96,daily,2021-01-24 10:23:33,3.164015401730307
Sport / Dehnübungen mind. 10m,062b434a-e5f7-424a-94e1-860734d0ac96,daily,2021-01-24 22:40:00,4.086135664205585
Sport / Dehnübungen mind. 10m,062b434a-e5f7-424a-94e1-860734d0ac96,daily,2021-01-26 10:05:32,3.18554952704166
Sport / Dehnübungen mind. 10m,062b434a-e5f7-424a-94e1-860734d0ac96,daily,2021-01-27 10:57:01,2.263937972059939
Sport / Dehnübungen mind. 10m,062b434a-e5f7-424a-94e1-860734d0ac96,daily,2021-01-27 23:22:38,3.2075740947915623
Sport / Dehnübungen mind. 10m,062b434a-e5f7-424a-94e1-860734d0ac96,daily,2021-01-28 19:00:00,4.128665646700367
18.30 mit Uni fertig sein,f25d44ab-6ab8-4bb7-b0f2-a65d0b0e18ce,habit,2021-01-05 22:44:06,-1.026657310999762
18.30 mit Uni fertig sein,f25d44ab-6ab8-4bb7-b0f2-a65d0b0e18ce,habit,2021-01-09 19:16:43,-2.081442996376489
18.30 mit Uni fertig sein,f25d44ab-6ab8-4bb7-b0f2-a65d0b0e18ce,habit,2021-01-11 22:14:25,-3.165953482194662
18.30 mit Uni fertig sein,f25d44ab-6ab8-4bb7-b0f2-a65d0b0e18ce,habit,2021-01-13 20:17:55,-3.1659528444134537
18.30 mit Uni fertig sein,f25d44ab-6ab8-4bb7-b0f2-a65d0b0e18ce,habit,2021-01-15 20:17:04,-1.0266555641528166
18.30 mit Uni fertig sein,f25d44ab-6ab8-4bb7-b0f2-a65d0b0e18ce,habit,2021-01-18 16:38:44,0.0000021733766710774205
18.30 mit Uni fertig sein,f25d44ab-6ab8-4bb7-b0f2-a65d0b0e18ce,habit,2021-01-19 23:17:13,-1.0266550788996458
18.30 mit Uni fertig sein,f25d44ab-6ab8-4bb7-b0f2-a65d0b0e18ce,habit,2021-01-21 00:22:33,0.0000026458634778681045
18.30 mit Uni fertig sein,f25d44ab-6ab8-4bb7-b0f2-a65d0b0e18ce,habit,2021-01-21 22:31:28,1.0000025780617796
18.30 mit Uni fertig sein,f25d44ab-6ab8-4bb7-b0f2-a65d0b0e18ce,habit,2021-01-23 22:49:23,1.9747025136689622
18.30 mit Uni fertig sein,f25d44ab-6ab8-4bb7-b0f2-a65d0b0e18ce,habit,2021-01-25 18:00:43,1.0000029526013032
18.30 mit Uni fertig sein,f25d44ab-6ab8-4bb7-b0f2-a65d0b0e18ce,habit,2021-01-26 22:22:17,0.000003455847049860239
18.30 mit Uni fertig sein,f25d44ab-6ab8-4bb7-b0f2-a65d0b0e18ce,habit,2021-01-27 23:26:49,1.0000033672890805
18.30 mit Uni fertig sein,f25d44ab-6ab8-4bb7-b0f2-a65d0b0e18ce,habit,2021-01-28 19:00:40,1.9747032831835596
nächsten Tag planen,ed3a8f2b-c4a6-477a-9d7c-ed022d0b1ee2,daily,2021-01-01 23:57:10,1
nächsten Tag planen,ed3a8f2b-c4a6-477a-9d7c-ed022d0b1ee2,daily,2021-01-03 00:35:37,1.9747
nächsten Tag planen,ed3a8f2b-c4a6-477a-9d7c-ed022d0b1ee2,daily,2021-01-03 23:40:39,2.9253562257358428
nächsten Tag planen,ed3a8f2b-c4a6-477a-9d7c-ed022d0b1ee2,daily,2021-01-04 22:10:37,3.853133245658556
nächsten Tag planen,ed3a8f2b-c4a6-477a-9d7c-ed022d0b1ee2,daily,2021-01-05 23:36:10,4.759112700885761
nächsten Tag planen,ed3a8f2b-c4a6-477a-9d7c-ed022d0b1ee2,daily,2021-01-07 14:07:34,3.8739243840593804
nächsten Tag planen,ed3a8f2b-c4a6-477a-9d7c-ed022d0b1ee2,daily,2021-01-08 10:48:43,2.968427491906459
nächsten Tag planen,ed3a8f2b-c4a6-477a-9d7c-ed022d0b1ee2,daily,2021-01-09 11:28:54,2.0416739175688234
nächsten Tag planen,ed3a8f2b-c4a6-477a-9d7c-ed022d0b1ee2,daily,2021-01-10 17:52:12,1.0926478499513588
nächsten Tag planen,ed3a8f2b-c4a6-477a-9d7c-ed022d0b1ee2,daily,2021-01-10 23:18:34,2.0650365089246754
nächsten Tag planen,ed3a8f2b-c4a6-477a-9d7c-ed022d0b1ee2,daily,2021-01-11 23:55:54,3.0134945844168257
nächsten Tag planen,ed3a8f2b-c4a6-477a-9d7c-ed022d0b1ee2,daily,2021-01-13 11:01:19,2.087810671206237
nächsten Tag planen,ed3a8f2b-c4a6-477a-9d7c-ed022d0b1ee2,daily,2021-01-14 09:38:30,3.035715387690627
nächsten Tag planen,ed3a8f2b-c4a6-477a-9d7c-ed022d0b1ee2,daily,2021-01-15 01:33:12,2.1105584276048464
nächsten Tag planen,ed3a8f2b-c4a6-477a-9d7c-ed022d0b1ee2,daily,2021-01-16 11:23:53,3.057910748967929
nächsten Tag planen,ed3a8f2b-c4a6-477a-9d7c-ed022d0b1ee2,daily,2021-01-17 11:43:07,2.1332798392077077
nächsten Tag planen,ed3a8f2b-c4a6-477a-9d7c-ed022d0b1ee2,daily,2021-01-18 06:53:35,3.0800807265447574
nächsten Tag planen,ed3a8f2b-c4a6-477a-9d7c-ed022d0b1ee2,daily,2021-01-18 23:26:41,4.004186486199102
nächsten Tag planen,ed3a8f2b-c4a6-477a-9d7c-ed022d0b1ee2,daily,2021-01-20 00:20:55,4.906665834724336
nächsten Tag planen,ed3a8f2b-c4a6-477a-9d7c-ed022d0b1ee2,daily,2021-01-21 00:28:46,5.788513459349492
nächsten Tag planen,ed3a8f2b-c4a6-477a-9d7c-ed022d0b1ee2,daily,2021-01-21 22:34:58,6.650656719194563
nächsten Tag planen,ed3a8f2b-c4a6-477a-9d7c-ed022d0b1ee2,daily,2021-01-23 22:45:35,7.4939616034449195
nächsten Tag planen,ed3a8f2b-c4a6-477a-9d7c-ed022d0b1ee2,daily,2021-01-24 10:23:33,6.668685163517357
nächsten Tag planen,ed3a8f2b-c4a6-477a-9d7c-ed022d0b1ee2,daily,2021-01-24 23:00:32,7.5116005403718535
nächsten Tag planen,ed3a8f2b-c4a6-477a-9d7c-ed022d0b1ee2,daily,2021-01-26 00:42:25,8.336504033519942
nächsten Tag planen,ed3a8f2b-c4a6-477a-9d7c-ed022d0b1ee2,daily,2021-01-26 22:38:53,9.14415322697595
nächsten Tag planen,ed3a8f2b-c4a6-477a-9d7c-ed022d0b1ee2,daily,2021-01-27 23:26:28,9.935258735281117
nächsten Tag planen,ed3a8f2b-c4a6-477a-9d7c-ed022d0b1ee2,daily,2021-01-29 01:05:24,10.710488016982422
Woche rewind (So),8ee15d51-afaf-42f9-90d3-252efbd54e08,daily,2021-01-02 11:13:42,0
Woche rewind (So),8ee15d51-afaf-42f9-90d3-252efbd54e08,daily,2021-01-03 01:00:52,0
Woche rewind (So),8ee15d51-afaf-42f9-90d3-252efbd54e08,daily,2021-01-04 12:11:58,1
Woche rewind (So),8ee15d51-afaf-42f9-90d3-252efbd54e08,daily,2021-01-05 12:44:54,1
Woche rewind (So),8ee15d51-afaf-42f9-90d3-252efbd54e08,daily,2021-01-06 02:25:30,1
Woche rewind (So),8ee15d51-afaf-42f9-90d3-252efbd54e08,daily,2021-01-07 14:07:34,1
Woche rewind (So),8ee15d51-afaf-42f9-90d3-252efbd54e08,daily,2021-01-08 10:48:43,1
Woche rewind (So),8ee15d51-afaf-42f9-90d3-252efbd54e08,daily,2021-01-09 11:28:54,1
Woche rewind (So),8ee15d51-afaf-42f9-90d3-252efbd54e08,daily,2021-01-10 17:52:12,1
Woche rewind (So),8ee15d51-afaf-42f9-90d3-252efbd54e08,daily,2021-01-10 23:16:52,1.9747
Woche rewind (So),8ee15d51-afaf-42f9-90d3-252efbd54e08,daily,2021-01-12 07:39:50,1.9747
Woche rewind (So),8ee15d51-afaf-42f9-90d3-252efbd54e08,daily,2021-01-13 11:01:19,1.9747
Woche rewind (So),8ee15d51-afaf-42f9-90d3-252efbd54e08,daily,2021-01-14 09:38:30,1.9747
Woche rewind (So),8ee15d51-afaf-42f9-90d3-252efbd54e08,daily,2021-01-15 01:33:12,1.9747
Woche rewind (So),8ee15d51-afaf-42f9-90d3-252efbd54e08,daily,2021-01-16 11:23:54,1.9747
Woche rewind (So),8ee15d51-afaf-42f9-90d3-252efbd54e08,daily,2021-01-17 11:43:07,1.9747
Woche rewind (So),8ee15d51-afaf-42f9-90d3-252efbd54e08,daily,2021-01-18 06:53:34,2.9253562257358428
Woche rewind (So),8ee15d51-afaf-42f9-90d3-252efbd54e08,daily,2021-01-19 19:45:24,2.9253562257358428
Woche rewind (So),8ee15d51-afaf-42f9-90d3-252efbd54e08,daily,2021-01-20 14:56:50,2.9253562257358428
Woche rewind (So),8ee15d51-afaf-42f9-90d3-252efbd54e08,daily,2021-01-21 10:06:10,2.9253562257358428
Woche rewind (So),8ee15d51-afaf-42f9-90d3-252efbd54e08,daily,2021-01-22 10:21:17,2.9253562257358428
Woche rewind (So),8ee15d51-afaf-42f9-90d3-252efbd54e08,daily,2021-01-23 22:45:36,2.9253562257358428
Woche rewind (So),8ee15d51-afaf-42f9-90d3-252efbd54e08,daily,2021-01-24 10:23:33,2.9253562257358428
Woche rewind (So),8ee15d51-afaf-42f9-90d3-252efbd54e08,daily,2021-01-24 22:46:33,3.853133245658556
Woche rewind (So),8ee15d51-afaf-42f9-90d3-252efbd54e08,daily,2021-01-26 10:05:32,3.853133245658556
Woche rewind (So),8ee15d51-afaf-42f9-90d3-252efbd54e08,daily,2021-01-27 10:57:01,3.853133245658556
Woche rewind (So),8ee15d51-afaf-42f9-90d3-252efbd54e08,daily,2021-01-28 18:59:07,3.853133245658556
Woche rewind (So),8ee15d51-afaf-42f9-90d3-252efbd54e08,daily,2021-01-29 01:05:25,3.853133245658556
Monat rewind (30.),50f009fc-8aac-46a9-8255-61ebd6c32c9a,daily,2021-01-02 11:13:42,0
Monat rewind (30.),50f009fc-8aac-46a9-8255-61ebd6c32c9a,daily,2021-01-03 01:00:52,0
Monat rewind (30.),50f009fc-8aac-46a9-8255-61ebd6c32c9a,daily,2021-01-04 12:11:59,0
Monat rewind (30.),50f009fc-8aac-46a9-8255-61ebd6c32c9a,daily,2021-01-05 12:44:54,0
Monat rewind (30.),50f009fc-8aac-46a9-8255-61ebd6c32c9a,daily,2021-01-06 02:25:30,0
Monat rewind (30.),50f009fc-8aac-46a9-8255-61ebd6c32c9a,daily,2021-01-07 14:07:34,0
Monat rewind (30.),50f009fc-8aac-46a9-8255-61ebd6c32c9a,daily,2021-01-08 10:48:43,0
Monat rewind (30.),50f009fc-8aac-46a9-8255-61ebd6c32c9a,daily,2021-01-09 11:28:54,0
Monat rewind (30.),50f009fc-8aac-46a9-8255-61ebd6c32c9a,daily,2021-01-10 17:52:12,0
Monat rewind (30.),50f009fc-8aac-46a9-8255-61ebd6c32c9a,daily,2021-01-11 09:39:22,0
Monat rewind (30.),50f009fc-8aac-46a9-8255-61ebd6c32c9a,daily,2021-01-12 07:39:50,0
Monat rewind (30.),50f009fc-8aac-46a9-8255-61ebd6c32c9a,daily,2021-01-13 11:01:19,0
Monat rewind (30.),50f009fc-8aac-46a9-8255-61ebd6c32c9a,daily,2021-01-14 09:38:30,0
Monat rewind (30.),50f009fc-8aac-46a9-8255-61ebd6c32c9a,daily,2021-01-15 01:33:12,0
Monat rewind (30.),50f009fc-8aac-46a9-8255-61ebd6c32c9a,daily,2021-01-16 11:23:54,0
Monat rewind (30.),50f009fc-8aac-46a9-8255-61ebd6c32c9a,daily,2021-01-17 11:43:07,0
Monat rewind (30.),50f009fc-8aac-46a9-8255-61ebd6c32c9a,daily,2021-01-18 06:53:35,0
Monat rewind (30.),50f009fc-8aac-46a9-8255-61ebd6c32c9a,daily,2021-01-19 19:45:24,0
Monat rewind (30.),50f009fc-8aac-46a9-8255-61ebd6c32c9a,daily,2021-01-20 14:56:50,0
Monat rewind (30.),50f009fc-8aac-46a9-8255-61ebd6c32c9a,daily,2021-01-21 10:06:10,0
Monat rewind (30.),50f009fc-8aac-46a9-8255-61ebd6c32c9a,daily,2021-01-22 10:21:17,0
Monat rewind (30.),50f009fc-8aac-46a9-8255-61ebd6c32c9a,daily,2021-01-23 22:45:36,0
Monat rewind (30.),50f009fc-8aac-46a9-8255-61ebd6c32c9a,daily,2021-01-24 10:23:33,0
Monat rewind (30.),50f009fc-8aac-46a9-8255-61ebd6c32c9a,daily,2021-01-25 18:00:09,0
Monat rewind (30.),50f009fc-8aac-46a9-8255-61ebd6c32c9a,daily,2021-01-26 10:05:32,0
Monat rewind (30.),50f009fc-8aac-46a9-8255-61ebd6c32c9a,daily,2021-01-27 10:57:01,0
Monat rewind (30.),50f009fc-8aac-46a9-8255-61ebd6c32c9a,daily,2021-01-28 18:59:07,0
Monat rewind (30.),50f009fc-8aac-46a9-8255-61ebd6c32c9a,daily,2021-01-29 01:05:25,0
Einkauf (bis So),7564bf4a-a96f-4930-b5c5-43b789d10235,daily,2021-01-02 11:13:42,0
Einkauf (bis So),7564bf4a-a96f-4930-b5c5-43b789d10235,daily,2021-01-03 01:00:52,0
Einkauf (bis So),7564bf4a-a96f-4930-b5c5-43b789d10235,daily,2021-01-04 12:11:59,-0.6666666666666667
Einkauf (bis So),7564bf4a-a96f-4930-b5c5-43b789d10235,daily,2021-01-05 12:44:54,-0.6666666666666667
Einkauf (bis So),7564bf4a-a96f-4930-b5c5-43b789d10235,daily,2021-01-06 02:25:30,-0.6666666666666667
Einkauf (bis So),7564bf4a-a96f-4930-b5c5-43b789d10235,daily,2021-01-07 14:07:34,-0.6666666666666667
Einkauf (bis So),7564bf4a-a96f-4930-b5c5-43b789d10235,daily,2021-01-08 10:48:43,-0.6666666666666667
Einkauf (bis So),7564bf4a-a96f-4930-b5c5-43b789d10235,daily,2021-01-09 11:28:54,-0.6666666666666667
Einkauf (bis So),7564bf4a-a96f-4930-b5c5-43b789d10235,daily,2021-01-10 17:52:12,-0.6666666666666667
Einkauf (bis So),7564bf4a-a96f-4930-b5c5-43b789d10235,daily,2021-01-10 23:08:42,0.35056379268391513
Einkauf (bis So),7564bf4a-a96f-4930-b5c5-43b789d10235,daily,2021-01-12 07:39:50,0.35056379268391513
Einkauf (bis So),7564bf4a-a96f-4930-b5c5-43b789d10235,daily,2021-01-13 11:01:19,0.35056379268391513
Einkauf (bis So),7564bf4a-a96f-4930-b5c5-43b789d10235,daily,2021-01-14 09:38:30,0.35056379268391513
Einkauf (bis So),7564bf4a-a96f-4930-b5c5-43b789d10235,daily,2021-01-15 01:33:12,0.35056379268391513
Einkauf (bis So),7564bf4a-a96f-4930-b5c5-43b789d10235,daily,2021-01-16 11:23:54,0.35056379268391513
Einkauf (bis So),7564bf4a-a96f-4930-b5c5-43b789d10235,daily,2021-01-17 11:43:07,0.35056379268391513
Einkauf (bis So),7564bf4a-a96f-4930-b5c5-43b789d10235,daily,2021-01-17 11:44:13,1.341620633596857
Einkauf (bis So),7564bf4a-a96f-4930-b5c5-43b789d10235,daily,2021-01-19 19:45:24,1.341620633596857
Einkauf (bis So),7564bf4a-a96f-4930-b5c5-43b789d10235,daily,2021-01-20 14:56:50,1.341620633596857
Einkauf (bis So),7564bf4a-a96f-4930-b5c5-43b789d10235,daily,2021-01-21 10:06:10,1.341620633596857
Einkauf (bis So),7564bf4a-a96f-4930-b5c5-43b789d10235,daily,2021-01-22 10:21:17,1.341620633596857
Einkauf (bis So),7564bf4a-a96f-4930-b5c5-43b789d10235,daily,2021-01-23 22:45:36,1.341620633596857
Einkauf (bis So),7564bf4a-a96f-4930-b5c5-43b789d10235,daily,2021-01-24 10:23:33,1.341620633596857
Einkauf (bis So),7564bf4a-a96f-4930-b5c5-43b789d10235,daily,2021-01-24 22:39:48,2.3078251393865354
Einkauf (bis So),7564bf4a-a96f-4930-b5c5-43b789d10235,daily,2021-01-26 10:05:32,2.3078251393865354
Einkauf (bis So),7564bf4a-a96f-4930-b5c5-43b789d10235,daily,2021-01-27 10:57:01,2.3078251393865354
Einkauf (bis So),7564bf4a-a96f-4930-b5c5-43b789d10235,daily,2021-01-28 18:59:07,2.3078251393865354
Einkauf (bis So),7564bf4a-a96f-4930-b5c5-43b789d10235,daily,2021-01-29 01:05:25,2.3078251393865354
Jemanden anrufen oder schreiben ,fa7673cb-de75-4c0a-92ff-e5a62691f062,daily,2021-01-01 23:56:52,1
Jemanden anrufen oder schreiben ,fa7673cb-de75-4c0a-92ff-e5a62691f062,daily,2021-01-03 01:00:52,1
Jemanden anrufen oder schreiben ,fa7673cb-de75-4c0a-92ff-e5a62691f062,daily,2021-01-03 16:23:26,1.9747
Jemanden anrufen oder schreiben ,fa7673cb-de75-4c0a-92ff-e5a62691f062,daily,2021-01-04 22:08:53,2.9253562257358428
Jemanden anrufen oder schreiben ,fa7673cb-de75-4c0a-92ff-e5a62691f062,daily,2021-01-06 02:25:30,2.9253562257358428
Jemanden anrufen oder schreiben ,fa7673cb-de75-4c0a-92ff-e5a62691f062,daily,2021-01-06 23:37:43,3.853133245658556
Jemanden anrufen oder schreiben ,fa7673cb-de75-4c0a-92ff-e5a62691f062,daily,2021-01-08 10:48:43,3.853133245658556
Jemanden anrufen oder schreiben ,fa7673cb-de75-4c0a-92ff-e5a62691f062,daily,2021-01-09 11:28:54,4.759112700885761
Jemanden anrufen oder schreiben ,fa7673cb-de75-4c0a-92ff-e5a62691f062,daily,2021-01-10 17:52:12,4.759112700885761
Jemanden anrufen oder schreiben ,fa7673cb-de75-4c0a-92ff-e5a62691f062,daily,2021-01-10 23:08:07,5.6443010177121415
Jemanden anrufen oder schreiben ,fa7673cb-de75-4c0a-92ff-e5a62691f062,daily,2021-01-12 07:39:50,4.7789657934432626
Jemanden anrufen oder schreiben ,fa7673cb-de75-4c0a-92ff-e5a62691f062,daily,2021-01-13 11:01:19,4.7789657934432626
Jemanden anrufen oder schreiben ,fa7673cb-de75-4c0a-92ff-e5a62691f062,daily,2021-01-13 20:17:05,5.6637038884615425
Jemanden anrufen oder schreiben ,fa7673cb-de75-4c0a-92ff-e5a62691f062,daily,2021-01-15 01:33:12,5.6637038884615425
Jemanden anrufen oder schreiben ,fa7673cb-de75-4c0a-92ff-e5a62691f062,daily,2021-01-16 11:23:53,6.528608967050644
Jemanden anrufen oder schreiben ,fa7673cb-de75-4c0a-92ff-e5a62691f062,daily,2021-01-17 11:43:07,6.528608967050644
Jemanden anrufen oder schreiben ,fa7673cb-de75-4c0a-92ff-e5a62691f062,daily,2021-01-17 18:51:00,7.374555450169675
Jemanden anrufen oder schreiben ,fa7673cb-de75-4c0a-92ff-e5a62691f062,daily,2021-01-18 16:37:29,8.20236097795751
Jemanden anrufen oder schreiben ,fa7673cb-de75-4c0a-92ff-e5a62691f062,daily,2021-01-20 14:56:50,8.20236097795751
Jemanden anrufen oder schreiben ,fa7673cb-de75-4c0a-92ff-e5a62691f062,daily,2021-01-20 14:57:02,9.012791234040439
Jemanden anrufen oder schreiben ,fa7673cb-de75-4c0a-92ff-e5a62691f062,daily,2021-01-22 10:21:17,9.012791234040439
Jemanden anrufen oder schreiben ,fa7673cb-de75-4c0a-92ff-e5a62691f062,daily,2021-01-23 00:18:13,9.806564267132098
Jemanden anrufen oder schreiben ,fa7673cb-de75-4c0a-92ff-e5a62691f062,daily,2021-01-24 10:23:33,9.806564267132098
Jemanden anrufen oder schreiben ,fa7673cb-de75-4c0a-92ff-e5a62691f062,daily,2021-01-24 22:38:34,10.584354371602227
Jemanden anrufen oder schreiben ,fa7673cb-de75-4c0a-92ff-e5a62691f062,daily,2021-01-25 18:00:20,11.34679558002789
Jemanden anrufen oder schreiben ,fa7673cb-de75-4c0a-92ff-e5a62691f062,daily,2021-01-27 10:57:01,11.34679558002789
Jemanden anrufen oder schreiben ,fa7673cb-de75-4c0a-92ff-e5a62691f062,daily,2021-01-27 23:22:34,12.094484813442673
Jemanden anrufen oder schreiben ,fa7673cb-de75-4c0a-92ff-e5a62691f062,daily,2021-01-29 01:05:25,12.094484813442673
Write why you are  [choosing your partner today](https://habitica.com/groups/guild/a9c4b5b6-cfb2-4c18-9a8b-ff54a89bf4bf).,66100769-12aa-44c8-b0b9-098849bcb953,daily,2021-01-01 23:56:49,1
Write why you are  [choosing your partner today](https://habitica.com/groups/guild/a9c4b5b6-cfb2-4c18-9a8b-ff54a89bf4bf).,66100769-12aa-44c8-b0b9-098849bcb953,daily,2021-01-03 01:00:52,1.9747
Write why you are  [choosing your partner today](https://habitica.com/groups/guild/a9c4b5b6-cfb2-4c18-9a8b-ff54a89bf4bf).,66100769-12aa-44c8-b0b9-098849bcb953,daily,2021-01-04 12:11:59,2.9253562257358428
Write why you are  [choosing your partner today](https://habitica.com/groups/guild/a9c4b5b6-cfb2-4c18-9a8b-ff54a89bf4bf).,66100769-12aa-44c8-b0b9-098849bcb953,daily,2021-01-05 12:44:52,3.853133245658556
Write why you are  [choosing your partner today](https://habitica.com/groups/guild/a9c4b5b6-cfb2-4c18-9a8b-ff54a89bf4bf).,66100769-12aa-44c8-b0b9-098849bcb953,daily,2021-01-06 02:25:30,4.759112700885761
Write why you are  [choosing your partner today](https://habitica.com/groups/guild/a9c4b5b6-cfb2-4c18-9a8b-ff54a89bf4bf).,66100769-12aa-44c8-b0b9-098849bcb953,daily,2021-01-07 14:07:34,5.6443010177121415
Write why you are  [choosing your partner today](https://habitica.com/groups/guild/a9c4b5b6-cfb2-4c18-9a8b-ff54a89bf4bf).,66100769-12aa-44c8-b0b9-098849bcb953,daily,2021-01-08 10:48:43,4.7789657934432626
Write why you are  [choosing your partner today](https://habitica.com/groups/guild/a9c4b5b6-cfb2-4c18-9a8b-ff54a89bf4bf).,66100769-12aa-44c8-b0b9-098849bcb953,daily,2021-01-09 11:28:54,5.6637038884615425
Write why you are  [choosing your partner today](https://habitica.com/groups/guild/a9c4b5b6-cfb2-4c18-9a8b-ff54a89bf4bf).,66100769-12aa-44c8-b0b9-098849bcb953,daily,2021-01-10 17:52:11,6.528608967050644
Write why you are  [choosing your partner today](https://habitica.com/groups/guild/a9c4b5b6-cfb2-4c18-9a8b-ff54a89bf4bf).,66100769-12aa-44c8-b0b9-098849bcb953,daily,2021-01-10 23:09:46,7.374555450169675
Write why you are  [choosing your partner today](https://habitica.com/groups/guild/a9c4b5b6-cfb2-4c18-9a8b-ff54a89bf4bf).,66100769-12aa-44c8-b0b9-098849bcb953,daily,2021-01-12 07:39:50,8.20236097795751
Write why you are  [choosing your partner today](https://habitica.com/groups/guild/a9c4b5b6-cfb2-4c18-9a8b-ff54a89bf4bf).,66100769-12aa-44c8-b0b9-098849bcb953,daily,2021-01-13 11:01:18,9.012791234040439
Write why you are  [choosing your partner today](https://habitica.com/groups/guild/a9c4b5b6-cfb2-4c18-9a8b-ff54a89bf4bf).,66100769-12aa-44c8-b0b9-098849bcb953,daily,2021-01-13 22:11:50,9.806564267132098
Write why you are  [choosing your partner today](https://habitica.com/groups/guild/a9c4b5b6-cfb2-4c18-9a8b-ff54a89bf4bf).,66100769-12aa-44c8-b0b9-098849bcb953,daily,2021-01-15 01:33:11,10.584354371602227
Write why you are  [choosing your partner today](https://habitica.com/groups/guild/a9c4b5b6-cfb2-4c18-9a8b-ff54a89bf4bf).,66100769-12aa-44c8-b0b9-098849bcb953,daily,2021-01-16 11:23:53,11.34679558002789
Write why you are  [choosing your partner today](https://habitica.com/groups/guild/a9c4b5b6-cfb2-4c18-9a8b-ff54a89bf4bf).,66100769-12aa-44c8-b0b9-098849bcb953,daily,2021-01-17 11:43:07,12.094484813442673
Write why you are  [choosing your partner today](https://habitica.com/groups/guild/a9c4b5b6-cfb2-4c18-9a8b-ff54a89bf4bf).,66100769-12aa-44c8-b0b9-098849bcb953,daily,2021-01-18 06:53:34,12.827984728828607
Write why you are  [choosing your partner today](https://habitica.com/groups/guild/a9c4b5b6-cfb2-4c18-9a8b-ff54a89bf4bf).,66100769-12aa-44c8-b0b9-098849bcb953,daily,2021-01-18 16:38:16,13.547826298159737
Write why you are  [choosing your partner today](https://habitica.com/groups/guild/a9c4b5b6-cfb2-4c18-9a8b-ff54a89bf4bf).,66100769-12aa-44c8-b0b9-098849bcb953,daily,2021-01-20 00:46:11,14.254511148848849
Write why you are  [choosing your partner today](https://habitica.com/groups/guild/a9c4b5b6-cfb2-4c18-9a8b-ff54a89bf4bf).,66100769-12aa-44c8-b0b9-098849bcb953,daily,2021-01-21 00:24:18,14.948513691641912
Write why you are  [choosing your partner today](https://habitica.com/groups/guild/a9c4b5b6-cfb2-4c18-9a8b-ff54a89bf4bf).,66100769-12aa-44c8-b0b9-098849bcb953,daily,2021-01-22 10:21:17,15.63028305874337
Write why you are  [choosing your partner today](https://habitica.com/groups/guild/a9c4b5b6-cfb2-4c18-9a8b-ff54a89bf4bf).,66100769-12aa-44c8-b0b9-098849bcb953,daily,2021-01-23 22:45:36,14.96032124533378
Write why you are  [choosing your partner today](https://habitica.com/groups/guild/a9c4b5b6-cfb2-4c18-9a8b-ff54a89bf4bf).,66100769-12aa-44c8-b0b9-098849bcb953,daily,2021-01-24 10:23:32,15.641884357254193
Write why you are  [choosing your partner today](https://habitica.com/groups/guild/a9c4b5b6-cfb2-4c18-9a8b-ff54a89bf4bf).,66100769-12aa-44c8-b0b9-098849bcb953,daily,2021-01-25 00:02:32,16.31164702756878
Write why you are  [choosing your partner today](https://habitica.com/groups/guild/a9c4b5b6-cfb2-4c18-9a8b-ff54a89bf4bf).,66100769-12aa-44c8-b0b9-098849bcb953,daily,2021-01-26 00:39:01,16.970012621566333
Write why you are  [choosing your partner today](https://habitica.com/groups/guild/a9c4b5b6-cfb2-4c18-9a8b-ff54a89bf4bf).,66100769-12aa-44c8-b0b9-098849bcb953,daily,2021-01-26 22:23:09,17.617364114104404
Write why you are  [choosing your partner today](https://habitica.com/groups/guild/a9c4b5b6-cfb2-4c18-9a8b-ff54a89bf4bf).,66100769-12aa-44c8-b0b9-098849bcb953,daily,2021-01-27 23:23:55,18.254065443904707
Write why you are  [choosing your partner today](https://habitica.com/groups/guild/a9c4b5b6-cfb2-4c18-9a8b-ff54a89bf4bf).,66100769-12aa-44c8-b0b9-098849bcb953,daily,2021-01-29 01:05:23,18.880462757072802
Prokrastiniert,cd6e8407-74a1-4ef8-a3ad-e8d9a37c535c,habit,2021-01-05 23:34:11,-1.026657310999762
Prokrastiniert,cd6e8407-74a1-4ef8-a3ad-e8d9a37c535c,habit,2021-01-13 22:11:59,-1.026657310999762
Prokrastiniert,cd6e8407-74a1-4ef8-a3ad-e8d9a37c535c,habit,2021-01-19 23:55:13,-1.026657310999762
Prokrastiniert,cd6e8407-74a1-4ef8-a3ad-e8d9a37c535c,habit,2021-01-21 00:22:41,-1.5539525155173857
Prokrastiniert,cd6e8407-74a1-4ef8-a3ad-e8d9a37c535c,habit,2021-01-22 10:25:26,-1.4256974896788595
Prokrastiniert,cd6e8407-74a1-4ef8-a3ad-e8d9a37c535c,habit,2021-01-26 22:22:21,-1.118173903632784
Prokrastiniert,cd6e8407-74a1-4ef8-a3ad-e8d9a37c535c,habit,2021-01-28 19:00:36,-1.313782508869503
spazieren gehen,26cc1f43-4508-4cc8-bf5c-eb2557865577,daily,2021-01-11 09:40:02,1
spazieren gehen,26cc1f43-4508-4cc8-bf5c-eb2557865577,daily,2021-01-13 11:01:19,1.9747
spazieren gehen,26cc1f43-4508-4cc8-bf5c-eb2557865577,daily,2021-01-13 20:17:03,2.9253562257358428
spazieren gehen,26cc1f43-4508-4cc8-bf5c-eb2557865577,daily,2021-01-14 09:39:07,3.853133245658556
spazieren gehen,26cc1f43-4508-4cc8-bf5c-eb2557865577,daily,2021-01-16 11:23:54,2.9471537904313507
spazieren gehen,26cc1f43-4508-4cc8-bf5c-eb2557865577,daily,2021-01-16 22:15:35,3.8744127224477047
spazieren gehen,26cc1f43-4508-4cc8-bf5c-eb2557865577,daily,2021-01-18 06:53:35,2.9689271615564254
spazieren gehen,26cc1f43-4508-4cc8-bf5c-eb2557865577,daily,2021-01-18 16:37:26,3.8956688695314368
spazieren gehen,26cc1f43-4508-4cc8-bf5c-eb2557865577,daily,2021-01-20 14:56:50,2.990676392692432
spazieren gehen,26cc1f43-4508-4cc8-bf5c-eb2557865577,daily,2021-01-21 00:21:35,3.9169017380963473
spazieren gehen,26cc1f43-4508-4cc8-bf5c-eb2557865577,daily,2021-01-21 10:06:20,4.821401938949662
spazieren gehen,26cc1f43-4508-4cc8-bf5c-eb2557865577,daily,2021-01-23 00:18:10,5.705178448929269
spazieren gehen,26cc1f43-4508-4cc8-bf5c-eb2557865577,daily,2021-01-23 22:48:18,6.569164787509196
spazieren gehen,26cc1f43-4508-4cc8-bf5c-eb2557865577,daily,2021-01-25 00:41:34,7.414232564647396
spazieren gehen,26cc1f43-4508-4cc8-bf5c-eb2557865577,daily,2021-01-25 19:56:06,8.24119685073439
spazieren gehen,26cc1f43-4508-4cc8-bf5c-eb2557865577,daily,2021-01-26 22:18:12,9.050820975512758
spazieren gehen,26cc1f43-4508-4cc8-bf5c-eb2557865577,daily,2021-01-27 23:22:31,9.843820827433879
spazieren gehen,26cc1f43-4508-4cc8-bf5c-eb2557865577,daily,2021-01-28 18:59:35,10.620868714682556
Tag rewind,e619e773-2144-4993-b8b2-e92ab9f157e9,daily,2021-01-13 22:29:39,1
Tag rewind,e619e773-2144-4993-b8b2-e92ab9f157e9,daily,2021-01-15 01:33:12,0.02529999999999999
Tag rewind,e619e773-2144-4993-b8b2-e92ab9f157e9,daily,2021-01-16 11:23:54,-0.9740518837628547
Tag rewind,e619e773-2144-4993-b8b2-e92ab9f157e9,daily,2021-01-17 11:43:07,-1.9993266209448624
Tag rewind,e619e773-2144-4993-b8b2-e92ab9f157e9,daily,2021-01-18 06:53:34,-0.9467576241546087
Tag rewind,e619e773-2144-4993-b8b2-e92ab9f157e9,daily,2021-01-18 23:24:23,0.07780025548445257
Tag rewind,e619e773-2144-4993-b8b2-e92ab9f157e9,daily,2021-01-20 00:46:13,1.0758085673794624
Tag rewind,e619e773-2144-4993-b8b2-e92ab9f157e9,daily,2021-01-21 00:26:14,2.0486169180048615
Tag rewind,e619e773-2144-4993-b8b2-e92ab9f157e9,daily,2021-01-22 10:21:17,2.997474151643365
Tag rewind,e619e773-2144-4993-b8b2-e92ab9f157e9,daily,2021-01-23 22:45:36,2.071410137211691
Tag rewind,e619e773-2144-4993-b8b2-e92ab9f157e9,daily,2021-01-24 10:23:33,1.1231069585602524
Tag rewind,e619e773-2144-4993-b8b2-e92ab9f157e9,daily,2021-01-25 00:02:30,2.0947369338385635
Tag rewind,e619e773-2144-4993-b8b2-e92ab9f157e9,daily,2021-01-26 00:38:58,3.042473422333682
Tag rewind,e619e773-2144-4993-b8b2-e92ab9f157e9,daily,2021-01-26 22:26:04,3.967470179146355
Tag rewind,e619e773-2144-4993-b8b2-e92ab9f157e9,daily,2021-01-27 23:23:54,4.870799047941493
Tag rewind,e619e773-2144-4993-b8b2-e92ab9f157e9,daily,2021-01-29 01:05:24,5.753457556643733
Pomodoro abgebrochen,080e1380-4637-44af-9313-118af0954581,habit,2021-01-22 10:25:48,-1.026657310999762
Pomodoro abgebrochen,080e1380-4637-44af-9313-118af0954581,habit,2021-01-26 22:22:23,-1.09255862966097
Pomodoro abgebrochen,080e1380-4637-44af-9313-118af0954581,habit,2021-01-27 23:26:43,-1.587806329440974
Finger gepult,b1f352df-09ed-41aa-babb-d2c85f0b818c,habit,2021-01-25 20:20:10,-2.081442996376489
Finger gepult,b1f352df-09ed-41aa-babb-d2c85f0b818c,habit,2021-01-26 15:20:51,-2.095897965156096
Finger gepult,b1f352df-09ed-41aa-babb-d2c85f0b818c,habit,2021-01-28 19:00:32,-1.5648900582218523
Finger gepult,b1f352df-09ed-41aa-babb-d2c85f0b818c,habit,2021-01-29 01:07:27,-2.9078294012204506
